2/12/2008;00:00:00;0.388;0.060;246.100;1.600;0.000;0.000;0.000
2/12/2008;00:01:00;0.388;0.062;245.450;1.600;0.000;0.000;0.000
2/12/2008;00:02:00;0.386;0.064;244.120;1.600;0.000;0.000;0.000
2/12/2008;00:03:00;0.374;0.060;244.770;1.600;0.000;0.000;0.000
2/12/2008;00:04:00;0.370;0.060;244.310;1.600;0.000;0.000;0.000
2/12/2008;00:05:00;0.372;0.060;244.660;1.600;0.000;0.000;0.000
2/12/2008;00:06:00;0.370;0.060;244.640;1.600;0.000;0.000;0.000
2/12/2008;00:07:00;0.368;0.060;244.020;1.600;0.000;0.000;0.000
2/12/2008;00:08:00;0.368;0.060;243.800;1.600;0.000;0.000;0.000
2/12/2008;00:09:00;0.354;0.060;243.770;1.600;0.000;0.000;0.000
2/12/2008;00:10:00;0.352;0.062;243.410;1.600;0.000;0.000;0.000
2/12/2008;00:11:00;0.316;0.060;243.770;1.400;0.000;0.000;0.000
2/12/2008;00:12:00;0.306;0.060;243.680;1.400;0.000;0.000;0.000
2/12/2008;00:13:00;0.304;0.062;243.470;1.400;0.000;0.000;0.000
2/12/2008;00:14:00;0.304;0.060;243.770;1.400;0.000;0.000;0.000
2/12/2008;00:15:00;0.304;0.062;243.400;1.400;0.000;0.000;0.000
2/12/2008;00:16:00;0.304;0.062;243.000;1.400;0.000;0.000;0.000
2/12/2008;00:17:00;0.304;0.062;243.640;1.400;0.000;0.000;0.000
2/12/2008;00:18:00;0.304;0.062;243.860;1.400;0.000;0.000;0.000
2/12/2008;00:19:00;0.304;0.060;244.350;1.400;0.000;0.000;0.000
2/12/2008;00:20:00;0.422;0.056;243.870;2.000;0.000;0.000;0.000
2/12/2008;00:21:00;0.488;0.178;243.000;2.200;0.000;0.000;0.000
2/12/2008;00:22:00;0.488;0.180;243.700;2.200;0.000;0.000;0.000
2/12/2008;00:23:00;0.484;0.180;243.310;2.200;0.000;0.000;0.000
2/12/2008;00:24:00;0.480;0.176;242.670;2.000;0.000;0.000;0.000
2/12/2008;00:25:00;0.476;0.176;242.350;2.000;0.000;0.000;0.000
2/12/2008;00:26:00;0.474;0.176;242.420;2.000;0.000;0.000;0.000
2/12/2008;00:27:00;0.472;0.178;242.840;2.000;0.000;0.000;0.000
2/12/2008;00:28:00;0.470;0.180;242.960;2.000;0.000;0.000;0.000
2/12/2008;00:29:00;0.468;0.176;242.260;2.000;0.000;0.000;0.000
2/12/2008;00:30:00;0.464;0.174;241.880;2.000;0.000;0.000;0.000
2/12/2008;00:31:00;0.462;0.172;241.530;2.000;0.000;0.000;0.000
2/12/2008;00:32:00;0.462;0.172;241.610;2.000;0.000;0.000;0.000
2/12/2008;00:33:00;0.400;0.082;242.360;1.600;0.000;0.000;0.000
2/12/2008;00:34:00;0.394;0.072;242.770;1.600;0.000;0.000;0.000
2/12/2008;00:35:00;0.394;0.074;243.000;1.600;0.000;0.000;0.000
2/12/2008;00:36:00;0.394;0.074;243.130;1.600;0.000;0.000;0.000
2/12/2008;00:37:00;0.394;0.074;243.240;1.600;0.000;0.000;0.000
2/12/2008;00:38:00;0.392;0.074;243.100;1.600;0.000;0.000;0.000
2/12/2008;00:39:00;0.300;0.058;242.990;1.400;0.000;0.000;0.000
2/12/2008;00:40:00;0.296;0.062;242.870;1.200;0.000;0.000;0.000
2/12/2008;00:41:00;0.294;0.062;243.240;1.200;0.000;0.000;0.000
2/12/2008;00:42:00;0.294;0.062;243.110;1.200;0.000;0.000;0.000
2/12/2008;00:43:00;0.294;0.062;243.480;1.200;0.000;0.000;0.000
2/12/2008;00:44:00;0.294;0.062;242.980;1.200;0.000;0.000;0.000
2/12/2008;00:45:00;0.294;0.062;243.510;1.200;0.000;0.000;0.000
2/12/2008;00:46:00;0.294;0.062;243.340;1.200;0.000;0.000;0.000
2/12/2008;00:47:00;0.294;0.062;243.100;1.200;0.000;0.000;0.000
2/12/2008;00:48:00;0.294;0.062;243.060;1.200;0.000;0.000;0.000
2/12/2008;00:49:00;0.294;0.060;243.550;1.200;0.000;0.000;0.000
2/12/2008;00:50:00;0.296;0.060;244.230;1.200;0.000;0.000;0.000
2/12/2008;00:51:00;0.296;0.060;244.440;1.200;0.000;0.000;0.000
2/12/2008;00:52:00;0.296;0.058;244.540;1.200;0.000;0.000;0.000
2/12/2008;00:53:00;0.298;0.058;244.900;1.200;0.000;0.000;0.000
2/12/2008;00:54:00;0.296;0.058;244.080;1.200;0.000;0.000;0.000
2/12/2008;00:55:00;0.296;0.058;244.210;1.200;0.000;0.000;0.000
2/12/2008;00:56:00;0.298;0.056;245.290;1.200;0.000;0.000;0.000
2/12/2008;00:57:00;0.296;0.058;244.780;1.200;0.000;0.000;0.000
2/12/2008;00:58:00;0.296;0.058;244.310;1.200;0.000;0.000;0.000
2/12/2008;00:59:00;0.296;0.058;244.140;1.200;0.000;0.000;0.000
2/12/2008;01:00:00;0.296;0.058;244.360;1.200;0.000;0.000;0.000
2/12/2008;01:01:00;0.296;0.058;244.100;1.200;0.000;0.000;0.000
2/12/2008;01:02:00;0.294;0.060;243.800;1.200;0.000;0.000;0.000
2/12/2008;01:03:00;0.374;0.000;243.530;1.600;0.000;0.000;0.000
2/12/2008;01:04:00;0.380;0.066;243.860;1.600;0.000;1.000;0.000
2/12/2008;01:05:00;0.380;0.068;244.610;1.600;0.000;2.000;0.000
2/12/2008;01:06:00;0.380;0.066;244.560;1.600;0.000;1.000;0.000
2/12/2008;01:07:00;0.382;0.066;244.510;1.600;0.000;2.000;0.000
2/12/2008;01:08:00;0.464;0.160;243.970;2.000;0.000;1.000;0.000
2/12/2008;01:09:00;0.454;0.168;243.560;2.000;0.000;1.000;0.000
2/12/2008;01:10:00;0.454;0.168;243.350;2.000;0.000;2.000;0.000
2/12/2008;01:11:00;0.454;0.168;243.480;2.000;0.000;1.000;0.000
2/12/2008;01:12:00;0.452;0.168;243.230;2.000;0.000;2.000;0.000
2/12/2008;01:13:00;0.448;0.166;242.650;2.000;0.000;1.000;0.000
2/12/2008;01:14:00;0.480;0.190;243.020;2.200;0.000;2.000;0.000
2/12/2008;01:15:00;0.560;0.308;243.720;2.600;0.000;1.000;0.000
2/12/2008;01:16:00;0.556;0.308;243.730;2.600;0.000;1.000;0.000
2/12/2008;01:17:00;0.552;0.310;243.960;2.600;0.000;2.000;0.000
2/12/2008;01:18:00;0.548;0.310;243.820;2.600;0.000;1.000;0.000
2/12/2008;01:19:00;0.504;0.244;243.710;2.200;0.000;1.000;0.000
2/12/2008;01:20:00;0.474;0.202;243.460;2.000;0.000;2.000;0.000
2/12/2008;01:21:00;0.474;0.202;243.720;2.000;0.000;1.000;0.000
2/12/2008;01:22:00;0.472;0.202;243.720;2.000;0.000;1.000;0.000
2/12/2008;01:23:00;0.470;0.200;243.570;2.000;0.000;1.000;0.000
2/12/2008;01:24:00;0.468;0.200;243.340;2.000;0.000;2.000;0.000
2/12/2008;01:25:00;0.466;0.202;243.590;2.000;0.000;1.000;0.000
2/12/2008;01:26:00;0.426;0.136;243.810;1.800;0.000;1.000;0.000
2/12/2008;01:27:00;0.392;0.078;244.040;1.600;0.000;0.000;0.000
2/12/2008;01:28:00;0.390;0.076;243.660;1.600;0.000;0.000;0.000
2/12/2008;01:29:00;0.388;0.074;242.730;1.600;0.000;0.000;0.000
2/12/2008;01:30:00;0.388;0.074;242.870;1.600;0.000;0.000;0.000
2/12/2008;01:31:00;0.386;0.074;242.910;1.600;0.000;0.000;0.000
2/12/2008;01:32:00;0.378;0.064;243.210;1.600;0.000;0.000;0.000
2/12/2008;01:33:00;0.294;0.058;243.760;1.200;0.000;0.000;0.000
2/12/2008;01:34:00;0.294;0.058;243.720;1.200;0.000;0.000;0.000
2/12/2008;01:35:00;0.294;0.058;243.900;1.200;0.000;0.000;0.000
2/12/2008;01:36:00;0.294;0.058;244.070;1.200;0.000;0.000;0.000
2/12/2008;01:37:00;0.296;0.058;244.880;1.200;0.000;0.000;0.000
2/12/2008;01:38:00;0.294;0.058;244.750;1.200;0.000;0.000;0.000
2/12/2008;01:39:00;0.292;0.060;243.640;1.200;0.000;0.000;0.000
2/12/2008;01:40:00;0.294;0.058;243.870;1.200;0.000;0.000;0.000
2/12/2008;01:41:00;0.294;0.060;243.820;1.200;0.000;0.000;0.000
2/12/2008;01:42:00;0.294;0.060;243.770;1.200;0.000;0.000;0.000
2/12/2008;01:43:00;0.294;0.060;243.760;1.200;0.000;0.000;0.000
2/12/2008;01:44:00;0.294;0.060;243.720;1.200;0.000;0.000;0.000
2/12/2008;01:45:00;0.294;0.060;243.750;1.200;0.000;0.000;0.000
2/12/2008;01:46:00;0.294;0.058;243.810;1.200;0.000;0.000;0.000
2/12/2008;01:47:00;0.294;0.058;243.990;1.200;0.000;0.000;0.000
2/12/2008;01:48:00;0.292;0.060;243.540;1.200;0.000;0.000;0.000
2/12/2008;01:49:00;0.294;0.060;243.730;1.200;0.000;0.000;0.000
2/12/2008;01:50:00;0.292;0.060;243.350;1.200;0.000;0.000;0.000
2/12/2008;01:51:00;0.292;0.060;243.500;1.200;0.000;0.000;0.000
2/12/2008;01:52:00;0.294;0.060;244.030;1.200;0.000;0.000;0.000
2/12/2008;01:53:00;0.294;0.060;244.160;1.200;0.000;0.000;0.000
2/12/2008;01:54:00;0.294;0.058;243.770;1.200;0.000;0.000;0.000
2/12/2008;01:55:00;0.344;0.000;244.030;1.600;0.000;0.000;0.000
2/12/2008;01:56:00;0.372;0.050;245.500;1.600;0.000;0.000;0.000
2/12/2008;01:57:00;0.374;0.050;245.670;1.600;0.000;0.000;0.000
2/12/2008;01:58:00;0.374;0.050;245.450;1.600;0.000;0.000;0.000
2/12/2008;01:59:00;0.372;0.050;245.190;1.600;0.000;0.000;0.000
2/12/2008;02:00:00;0.370;0.050;244.760;1.600;0.000;0.000;0.000
2/12/2008;02:01:00;0.368;0.050;244.850;1.600;0.000;0.000;0.000
2/12/2008;02:02:00;0.366;0.048;244.110;1.600;0.000;0.000;0.000
2/12/2008;02:03:00;0.366;0.048;244.490;1.600;0.000;0.000;0.000
2/12/2008;02:04:00;0.366;0.048;244.650;1.600;0.000;0.000;0.000
2/12/2008;02:05:00;0.366;0.052;245.460;1.600;0.000;0.000;0.000
2/12/2008;02:06:00;0.326;0.000;245.830;1.400;0.000;0.000;0.000
2/12/2008;02:07:00;0.296;0.054;245.670;1.200;0.000;0.000;0.000
2/12/2008;02:08:00;0.298;0.054;246.220;1.200;0.000;0.000;0.000
2/12/2008;02:09:00;0.410;0.070;247.280;1.800;0.000;0.000;0.000
2/12/2008;02:10:00;0.410;0.088;247.090;1.800;0.000;0.000;0.000
2/12/2008;02:11:00;0.408;0.088;247.010;1.600;0.000;0.000;0.000
2/12/2008;02:12:00;0.404;0.084;246.060;1.600;0.000;0.000;0.000
2/12/2008;02:13:00;0.402;0.082;245.560;1.600;0.000;0.000;0.000
2/12/2008;02:14:00;0.402;0.086;246.050;1.600;0.000;0.000;0.000
2/12/2008;02:15:00;0.402;0.086;246.440;1.600;0.000;0.000;0.000
2/12/2008;02:16:00;0.400;0.086;246.380;1.600;0.000;0.000;0.000
2/12/2008;02:17:00;0.400;0.086;246.270;1.600;0.000;0.000;0.000
2/12/2008;02:18:00;0.398;0.086;246.230;1.600;0.000;0.000;0.000
2/12/2008;02:19:00;0.398;0.086;246.160;1.600;0.000;0.000;0.000
2/12/2008;02:20:00;0.398;0.088;246.880;1.600;0.000;0.000;0.000
2/12/2008;02:21:00;0.396;0.086;246.220;1.600;0.000;0.000;0.000
2/12/2008;02:22:00;0.394;0.086;246.320;1.600;0.000;0.000;0.000
2/12/2008;02:23:00;0.396;0.088;247.050;1.600;0.000;0.000;0.000
2/12/2008;02:24:00;0.396;0.088;247.030;1.600;0.000;0.000;0.000
2/12/2008;02:25:00;0.394;0.088;247.010;1.600;0.000;0.000;0.000
2/12/2008;02:26:00;0.368;0.048;246.500;1.600;0.000;0.000;0.000
2/12/2008;02:27:00;0.298;0.054;246.380;1.200;0.000;0.000;0.000
2/12/2008;02:28:00;0.298;0.054;246.570;1.200;0.000;0.000;0.000
2/12/2008;02:29:00;0.298;0.054;246.690;1.200;0.000;0.000;0.000
2/12/2008;02:30:00;0.300;0.052;247.460;1.200;0.000;0.000;0.000
2/12/2008;02:31:00;0.298;0.054;246.920;1.200;0.000;0.000;0.000
2/12/2008;02:32:00;0.298;0.054;246.510;1.200;0.000;0.000;0.000
2/12/2008;02:33:00;0.298;0.054;246.580;1.200;0.000;0.000;0.000
2/12/2008;02:34:00;0.298;0.054;246.630;1.200;0.000;0.000;0.000
2/12/2008;02:35:00;0.298;0.056;246.670;1.200;0.000;0.000;0.000
2/12/2008;02:36:00;0.298;0.056;246.480;1.200;0.000;0.000;0.000
2/12/2008;02:37:00;0.298;0.056;246.760;1.200;0.000;0.000;0.000
2/12/2008;02:38:00;0.298;0.056;246.970;1.200;0.000;0.000;0.000
2/12/2008;02:39:00;0.300;0.054;247.460;1.200;0.000;0.000;0.000
2/12/2008;02:40:00;0.300;0.052;247.460;1.200;0.000;0.000;0.000
2/12/2008;02:41:00;0.298;0.054;247.370;1.200;0.000;0.000;0.000
2/12/2008;02:42:00;0.298;0.054;247.260;1.200;0.000;0.000;0.000
2/12/2008;02:43:00;0.360;0.000;247.050;1.600;0.000;0.000;0.000
2/12/2008;02:44:00;0.374;0.054;246.610;1.600;0.000;0.000;0.000
2/12/2008;02:45:00;0.376;0.054;246.650;1.600;0.000;0.000;0.000
2/12/2008;02:46:00;0.376;0.054;247.030;1.600;0.000;0.000;0.000
2/12/2008;02:47:00;0.376;0.056;247.360;1.600;0.000;0.000;0.000
2/12/2008;02:48:00;0.376;0.058;248.170;1.600;0.000;0.000;0.000
2/12/2008;02:49:00;0.374;0.058;248.180;1.600;0.000;0.000;0.000
2/12/2008;02:50:00;0.372;0.056;247.420;1.600;0.000;0.000;0.000
2/12/2008;02:51:00;0.372;0.056;247.650;1.600;0.000;0.000;0.000
2/12/2008;02:52:00;0.370;0.056;247.540;1.600;0.000;0.000;0.000
2/12/2008;02:53:00;0.362;0.000;247.610;1.400;0.000;0.000;0.000
2/12/2008;02:54:00;0.300;0.052;247.720;1.200;0.000;0.000;0.000
2/12/2008;02:55:00;0.300;0.052;248.040;1.200;0.000;0.000;0.000
2/12/2008;02:56:00;0.300;0.052;247.890;1.200;0.000;0.000;0.000
2/12/2008;02:57:00;0.300;0.052;247.500;1.200;0.000;0.000;0.000
2/12/2008;02:58:00;0.300;0.052;247.770;1.200;0.000;0.000;0.000
2/12/2008;02:59:00;0.300;0.050;248.030;1.200;0.000;0.000;0.000
2/12/2008;03:00:00;0.298;0.054;247.080;1.200;0.000;0.000;0.000
2/12/2008;03:01:00;0.298;0.054;247.260;1.200;0.000;0.000;0.000
2/12/2008;03:02:00;0.298;0.054;246.890;1.200;0.000;0.000;0.000
2/12/2008;03:03:00;0.414;0.074;246.350;1.800;0.000;0.000;0.000
2/12/2008;03:04:00;0.410;0.086;246.600;1.600;0.000;0.000;0.000
2/12/2008;03:05:00;0.410;0.086;246.590;1.600;0.000;0.000;0.000
2/12/2008;03:06:00;0.412;0.084;246.300;1.800;0.000;0.000;0.000
2/12/2008;03:07:00;0.412;0.088;247.050;1.800;0.000;0.000;0.000
2/12/2008;03:08:00;0.410;0.086;246.270;1.600;0.000;0.000;0.000
2/12/2008;03:09:00;0.406;0.084;246.170;1.600;0.000;0.000;0.000
2/12/2008;03:10:00;0.400;0.086;246.440;1.600;0.000;0.000;0.000
2/12/2008;03:11:00;0.398;0.086;246.790;1.600;0.000;0.000;0.000
2/12/2008;03:12:00;0.398;0.088;247.040;1.600;0.000;0.000;0.000
2/12/2008;03:13:00;0.398;0.086;246.800;1.600;0.000;0.000;0.000
2/12/2008;03:14:00;0.394;0.082;245.640;1.600;0.000;0.000;0.000
2/12/2008;03:15:00;0.392;0.082;245.230;1.600;0.000;0.000;0.000
2/12/2008;03:16:00;0.392;0.080;244.870;1.600;0.000;0.000;0.000
2/12/2008;03:17:00;0.390;0.078;244.390;1.600;0.000;0.000;0.000
2/12/2008;03:18:00;0.392;0.080;245.270;1.600;0.000;0.000;0.000
2/12/2008;03:19:00;0.390;0.082;245.630;1.600;0.000;0.000;0.000
2/12/2008;03:20:00;0.344;0.000;245.290;1.400;0.000;0.000;0.000
2/12/2008;03:21:00;0.302;0.056;245.310;1.200;0.000;0.000;0.000
2/12/2008;03:22:00;0.302;0.056;245.860;1.200;0.000;0.000;0.000
2/12/2008;03:23:00;0.302;0.056;246.020;1.200;0.000;0.000;0.000
2/12/2008;03:24:00;0.304;0.056;246.320;1.200;0.000;0.000;0.000
2/12/2008;03:25:00;0.304;0.054;247.220;1.200;0.000;0.000;0.000
2/12/2008;03:26:00;0.304;0.054;247.370;1.200;0.000;0.000;0.000
2/12/2008;03:27:00;0.302;0.054;246.890;1.200;0.000;0.000;0.000
2/12/2008;03:28:00;0.390;0.062;246.610;1.800;0.000;0.000;0.000
2/12/2008;03:29:00;0.382;0.072;246.570;1.600;0.000;1.000;0.000
2/12/2008;03:30:00;0.380;0.070;246.330;1.600;0.000;2.000;0.000
2/12/2008;03:31:00;0.378;0.068;245.480;1.600;0.000;1.000;0.000
2/12/2008;03:32:00;0.468;0.170;246.120;2.200;0.000;1.000;0.000
2/12/2008;03:33:00;0.456;0.180;246.120;2.000;0.000;2.000;0.000
2/12/2008;03:34:00;0.458;0.180;246.020;2.000;0.000;1.000;0.000
2/12/2008;03:35:00;0.460;0.178;245.900;2.000;0.000;2.000;0.000
2/12/2008;03:36:00;0.464;0.180;246.040;2.000;0.000;1.000;0.000
2/12/2008;03:37:00;0.462;0.182;246.400;2.000;0.000;1.000;0.000
2/12/2008;03:38:00;0.462;0.184;246.950;2.000;0.000;2.000;0.000
2/12/2008;03:39:00;0.462;0.186;247.680;2.000;0.000;1.000;0.000
2/12/2008;03:40:00;0.460;0.186;247.590;2.000;0.000;2.000;0.000
2/12/2008;03:41:00;0.458;0.186;247.590;2.000;0.000;1.000;0.000
2/12/2008;03:42:00;0.430;0.144;247.210;1.800;0.000;1.000;0.000
2/12/2008;03:43:00;0.386;0.076;247.490;1.600;0.000;2.000;0.000
2/12/2008;03:44:00;0.376;0.074;247.120;1.600;0.000;1.000;0.000
2/12/2008;03:45:00;0.376;0.072;246.760;1.600;0.000;1.000;0.000
2/12/2008;03:46:00;0.374;0.072;246.630;1.600;0.000;2.000;0.000
2/12/2008;03:47:00;0.372;0.070;245.860;1.600;0.000;1.000;0.000
2/12/2008;03:48:00;0.372;0.070;246.300;1.600;0.000;1.000;0.000
2/12/2008;03:49:00;0.370;0.068;245.570;1.600;0.000;2.000;0.000
2/12/2008;03:50:00;0.372;0.068;245.570;1.600;0.000;1.000;0.000
2/12/2008;03:51:00;0.312;0.000;245.700;1.400;0.000;0.000;0.000
2/12/2008;03:52:00;0.302;0.056;245.710;1.200;0.000;0.000;0.000
2/12/2008;03:53:00;0.300;0.056;245.620;1.200;0.000;0.000;0.000
2/12/2008;03:54:00;0.300;0.056;245.730;1.200;0.000;0.000;0.000
2/12/2008;03:55:00;0.302;0.056;246.260;1.200;0.000;0.000;0.000
2/12/2008;03:56:00;0.302;0.056;246.060;1.200;0.000;0.000;0.000
2/12/2008;03:57:00;0.392;0.000;246.130;1.800;0.000;0.000;0.000
2/12/2008;03:58:00;0.414;0.084;246.350;1.800;0.000;0.000;0.000
2/12/2008;03:59:00;0.406;0.084;246.190;1.600;0.000;0.000;0.000
2/12/2008;04:00:00;0.402;0.084;246.380;1.600;0.000;0.000;0.000
2/12/2008;04:01:00;0.402;0.084;246.310;1.600;0.000;0.000;0.000
2/12/2008;04:02:00;0.402;0.084;246.600;1.600;0.000;0.000;0.000
2/12/2008;04:03:00;0.400;0.084;246.320;1.600;0.000;0.000;0.000
2/12/2008;04:04:00;0.398;0.082;245.930;1.600;0.000;0.000;0.000
2/12/2008;04:05:00;0.400;0.084;245.840;1.600;0.000;0.000;0.000
2/12/2008;04:06:00;0.404;0.084;246.220;1.600;0.000;0.000;0.000
2/12/2008;04:07:00;0.404;0.084;246.360;1.600;0.000;0.000;0.000
2/12/2008;04:08:00;0.402;0.086;246.190;1.600;0.000;0.000;0.000
2/12/2008;04:09:00;0.400;0.086;246.320;1.600;0.000;0.000;0.000
2/12/2008;04:10:00;0.402;0.090;247.520;1.600;0.000;0.000;0.000
2/12/2008;04:11:00;0.402;0.090;247.800;1.600;0.000;0.000;0.000
2/12/2008;04:12:00;0.400;0.088;247.500;1.600;0.000;0.000;0.000
2/12/2008;04:13:00;0.400;0.090;247.690;1.600;0.000;0.000;0.000
2/12/2008;04:14:00;0.380;0.066;247.830;1.600;0.000;0.000;0.000
2/12/2008;04:15:00;0.298;0.052;247.860;1.200;0.000;0.000;0.000
2/12/2008;04:16:00;0.298;0.054;247.540;1.200;0.000;0.000;0.000
2/12/2008;04:17:00;0.296;0.054;247.320;1.200;0.000;0.000;0.000
2/12/2008;04:18:00;0.296;0.054;246.900;1.200;0.000;0.000;0.000
2/12/2008;04:19:00;0.296;0.056;246.630;1.200;0.000;0.000;0.000
2/12/2008;04:20:00;0.298;0.056;246.490;1.200;0.000;0.000;0.000
2/12/2008;04:21:00;0.358;0.000;246.280;1.600;0.000;0.000;0.000
2/12/2008;04:22:00;0.402;0.054;246.650;1.600;0.000;0.000;0.000
2/12/2008;04:23:00;0.400;0.054;246.470;1.600;0.000;0.000;0.000
2/12/2008;04:24:00;0.380;0.054;246.680;1.600;0.000;0.000;0.000
2/12/2008;04:25:00;0.380;0.054;246.920;1.600;0.000;0.000;0.000
2/12/2008;04:26:00;0.376;0.054;247.400;1.600;0.000;0.000;0.000
2/12/2008;04:27:00;0.370;0.052;246.870;1.600;0.000;0.000;0.000
2/12/2008;04:28:00;0.370;0.052;246.860;1.600;0.000;0.000;0.000
2/12/2008;04:29:00;0.368;0.054;247.130;1.600;0.000;0.000;0.000
2/12/2008;04:30:00;0.368;0.054;246.940;1.600;0.000;0.000;0.000
2/12/2008;04:31:00;0.366;0.052;246.710;1.600;0.000;0.000;0.000
2/12/2008;04:32:00;0.320;0.000;246.840;1.400;0.000;0.000;0.000
2/12/2008;04:33:00;0.296;0.054;247.060;1.200;0.000;0.000;0.000
2/12/2008;04:34:00;0.294;0.056;246.330;1.200;0.000;0.000;0.000
2/12/2008;04:35:00;0.296;0.056;246.150;1.200;0.000;0.000;0.000
2/12/2008;04:36:00;0.300;0.056;246.020;1.200;0.000;0.000;0.000
2/12/2008;04:37:00;0.298;0.056;245.950;1.200;0.000;0.000;0.000
2/12/2008;04:38:00;0.294;0.056;246.360;1.200;0.000;0.000;0.000
2/12/2008;04:39:00;0.296;0.054;247.360;1.200;0.000;0.000;0.000
2/12/2008;04:40:00;0.296;0.054;247.070;1.200;0.000;0.000;0.000
2/12/2008;04:41:00;0.296;0.054;247.240;1.200;0.000;0.000;0.000
2/12/2008;04:42:00;0.296;0.054;247.360;1.200;0.000;0.000;0.000
2/12/2008;04:43:00;0.296;0.054;247.560;1.200;0.000;0.000;0.000
2/12/2008;04:44:00;0.296;0.054;247.650;1.200;0.000;0.000;0.000
2/12/2008;04:45:00;0.296;0.054;247.770;1.200;0.000;0.000;0.000
2/12/2008;04:46:00;0.296;0.054;247.370;1.200;0.000;0.000;0.000
2/12/2008;04:47:00;0.296;0.054;247.370;1.200;0.000;0.000;0.000
2/12/2008;04:48:00;0.298;0.052;247.860;1.200;0.000;0.000;0.000
2/12/2008;04:49:00;0.296;0.054;247.700;1.200;0.000;0.000;0.000
2/12/2008;04:50:00;0.296;0.054;247.090;1.200;0.000;0.000;0.000
2/12/2008;04:51:00;0.368;0.000;246.870;1.600;0.000;0.000;0.000
2/12/2008;04:52:00;0.408;0.082;246.220;1.600;0.000;0.000;0.000
2/12/2008;04:53:00;0.404;0.082;245.880;1.600;0.000;0.000;0.000
2/12/2008;04:54:00;0.410;0.084;246.110;1.800;0.000;0.000;0.000
2/12/2008;04:55:00;0.408;0.082;246.000;1.600;0.000;0.000;0.000
2/12/2008;04:56:00;0.408;0.084;245.960;1.600;0.000;0.000;0.000
2/12/2008;04:57:00;0.406;0.084;246.320;1.600;0.000;0.000;0.000
2/12/2008;04:58:00;0.404;0.086;246.190;1.600;0.000;0.000;0.000
2/12/2008;04:59:00;0.404;0.088;246.780;1.600;0.000;0.000;0.000
2/12/2008;05:00:00;0.404;0.086;246.460;1.600;0.000;0.000;0.000
2/12/2008;05:01:00;0.402;0.086;246.600;1.600;0.000;0.000;0.000
2/12/2008;05:02:00;0.578;0.086;246.730;2.800;0.000;0.000;0.000
2/12/2008;05:03:00;1.572;0.076;246.480;6.400;0.000;0.000;20.000
2/12/2008;05:04:00;1.554;0.076;246.450;6.200;0.000;0.000;19.000
2/12/2008;05:05:00;1.534;0.074;246.160;6.200;0.000;0.000;19.000
2/12/2008;05:06:00;1.522;0.074;245.820;6.200;0.000;0.000;19.000
2/12/2008;05:07:00;1.514;0.072;245.480;6.200;0.000;0.000;18.000
2/12/2008;05:08:00;1.508;0.072;245.240;6.000;0.000;0.000;19.000
2/12/2008;05:09:00;1.424;0.048;245.120;5.800;0.000;0.000;18.000
2/12/2008;05:10:00;1.408;0.068;244.850;5.600;0.000;0.000;19.000
2/12/2008;05:11:00;1.432;0.052;244.470;5.800;0.000;0.000;18.000
2/12/2008;05:12:00;1.486;0.000;245.290;6.000;0.000;0.000;19.000
2/12/2008;05:13:00;1.484;0.000;245.110;6.000;0.000;0.000;18.000
2/12/2008;05:14:00;1.496;0.000;246.210;6.000;0.000;0.000;19.000
2/12/2008;05:15:00;1.494;0.000;246.110;6.000;0.000;0.000;18.000
2/12/2008;05:16:00;1.492;0.000;245.990;6.000;0.000;0.000;19.000
2/12/2008;05:17:00;1.492;0.000;246.230;6.000;0.000;0.000;18.000
2/12/2008;05:18:00;1.488;0.000;245.910;6.000;0.000;0.000;19.000
2/12/2008;05:19:00;1.490;0.000;246.160;6.000;0.000;0.000;18.000
2/12/2008;05:20:00;1.482;0.000;245.560;6.000;0.000;0.000;19.000
2/12/2008;05:21:00;1.484;0.000;245.790;6.000;0.000;0.000;18.000
2/12/2008;05:22:00;1.484;0.000;245.710;6.000;0.000;0.000;19.000
2/12/2008;05:23:00;1.412;0.068;245.380;5.600;0.000;0.000;18.000
2/12/2008;05:24:00;1.410;0.068;245.320;5.600;0.000;0.000;19.000
2/12/2008;05:25:00;1.410;0.068;245.440;5.600;0.000;0.000;18.000
2/12/2008;05:26:00;1.410;0.068;245.420;5.600;0.000;0.000;19.000
2/12/2008;05:27:00;1.414;0.068;245.730;5.600;0.000;0.000;18.000
2/12/2008;05:28:00;1.426;0.066;246.830;5.800;0.000;0.000;19.000
2/12/2008;05:29:00;1.430;0.066;247.230;5.800;0.000;0.000;19.000
2/12/2008;05:30:00;1.424;0.066;246.690;5.800;0.000;0.000;18.000
2/12/2008;05:31:00;1.430;0.066;247.200;5.800;0.000;0.000;19.000
2/12/2008;05:32:00;1.434;0.064;247.670;5.800;0.000;0.000;19.000
2/12/2008;05:33:00;1.438;0.064;248.000;5.800;0.000;0.000;19.000
2/12/2008;05:34:00;1.438;0.064;248.060;5.800;0.000;0.000;18.000
2/12/2008;05:35:00;1.440;0.064;248.150;5.800;0.000;0.000;19.000
2/12/2008;05:36:00;1.430;0.066;247.350;5.800;0.000;0.000;19.000
2/12/2008;05:37:00;1.432;0.066;247.380;5.800;0.000;0.000;19.000
2/12/2008;05:38:00;1.424;0.068;246.710;5.800;0.000;0.000;18.000
2/12/2008;05:39:00;1.406;0.068;246.390;5.600;0.000;0.000;19.000
2/12/2008;05:40:00;0.298;0.056;247.020;1.200;0.000;0.000;1.000
2/12/2008;05:41:00;0.294;0.056;246.730;1.200;0.000;0.000;0.000
2/12/2008;05:42:00;0.298;0.054;247.320;1.200;0.000;0.000;0.000
2/12/2008;05:43:00;0.302;0.054;248.030;1.200;0.000;0.000;0.000
2/12/2008;05:44:00;0.304;0.054;248.270;1.200;0.000;0.000;0.000
2/12/2008;05:45:00;0.370;0.000;248.190;1.600;0.000;0.000;0.000
2/12/2008;05:46:00;0.416;0.090;248.060;1.800;0.000;0.000;0.000
2/12/2008;05:47:00;0.406;0.088;247.630;1.600;0.000;0.000;0.000
2/12/2008;05:48:00;0.404;0.088;247.690;1.600;0.000;0.000;0.000
2/12/2008;05:49:00;0.412;0.092;248.520;1.600;0.000;0.000;0.000
2/12/2008;05:50:00;0.410;0.090;248.030;1.600;0.000;0.000;0.000
2/12/2008;05:51:00;0.406;0.084;246.580;1.600;0.000;0.000;0.000
2/12/2008;05:52:00;0.406;0.086;246.960;1.600;0.000;0.000;0.000
2/12/2008;05:53:00;0.402;0.088;247.670;1.600;0.000;0.000;0.000
2/12/2008;05:54:00;0.472;0.180;247.730;2.200;0.000;0.000;0.000
2/12/2008;05:55:00;0.486;0.220;248.130;2.200;0.000;1.000;0.000
2/12/2008;05:56:00;0.486;0.218;247.610;2.200;0.000;2.000;0.000
2/12/2008;05:57:00;0.484;0.218;247.300;2.200;0.000;1.000;0.000
2/12/2008;05:58:00;0.484;0.218;247.600;2.200;0.000;2.000;0.000
2/12/2008;05:59:00;0.484;0.218;247.280;2.200;0.000;1.000;0.000
2/12/2008;06:00:00;0.480;0.218;247.550;2.200;0.000;1.000;0.000
2/12/2008;06:01:00;0.532;0.272;247.230;2.400;0.000;2.000;0.000
2/12/2008;06:02:00;0.560;0.332;247.820;2.600;0.000;1.000;0.000
2/12/2008;06:03:00;0.528;0.280;247.690;2.400;0.000;2.000;0.000
2/12/2008;06:04:00;0.464;0.186;247.850;2.000;0.000;1.000;0.000
2/12/2008;06:05:00;0.464;0.184;247.700;2.000;0.000;1.000;0.000
2/12/2008;06:06:00;0.464;0.188;248.290;2.000;0.000;2.000;0.000
2/12/2008;06:07:00;0.454;0.186;247.810;2.000;0.000;1.000;0.000
2/12/2008;06:08:00;0.450;0.186;247.760;2.000;0.000;2.000;0.000
2/12/2008;06:09:00;0.456;0.186;247.830;2.000;0.000;1.000;0.000
2/12/2008;06:10:00;0.454;0.184;247.710;2.000;0.000;1.000;0.000
2/12/2008;06:11:00;0.450;0.180;246.810;2.000;0.000;2.000;0.000
2/12/2008;06:12:00;0.450;0.184;247.420;2.000;0.000;1.000;0.000
2/12/2008;06:13:00;0.434;0.162;247.140;1.800;0.000;1.000;0.000
2/12/2008;06:14:00;0.370;0.072;247.090;1.600;0.000;2.000;0.000
2/12/2008;06:15:00;0.374;0.074;247.400;1.600;0.000;1.000;0.000
2/12/2008;06:16:00;0.378;0.074;247.810;1.600;0.000;1.000;0.000
2/12/2008;06:17:00;0.334;0.000;248.270;1.400;0.000;1.000;0.000
2/12/2008;06:18:00;0.304;0.052;248.140;1.200;0.000;0.000;0.000
2/12/2008;06:19:00;0.302;0.054;247.440;1.200;0.000;0.000;0.000
2/12/2008;06:20:00;0.298;0.054;247.290;1.200;0.000;0.000;0.000
2/12/2008;06:21:00;0.294;0.054;247.630;1.200;0.000;0.000;0.000
2/12/2008;06:22:00;0.300;0.054;247.620;1.200;0.000;0.000;0.000
2/12/2008;06:23:00;0.302;0.054;246.980;1.200;0.000;0.000;0.000
2/12/2008;06:24:00;0.302;0.054;247.350;1.200;0.000;0.000;0.000
2/12/2008;06:25:00;0.302;0.052;247.910;1.200;0.000;0.000;0.000
2/12/2008;06:26:00;0.304;0.052;248.800;1.200;0.000;0.000;0.000
2/12/2008;06:27:00;0.298;0.052;248.800;1.200;0.000;0.000;0.000
2/12/2008;06:28:00;0.308;0.000;249.120;1.200;0.000;0.000;0.000
2/12/2008;06:29:00;0.334;0.000;248.950;1.400;0.000;0.000;0.000
2/12/2008;06:30:00;0.334;0.000;248.010;1.400;0.000;0.000;0.000
2/12/2008;06:31:00;0.334;0.000;247.960;1.400;0.000;0.000;0.000
2/12/2008;06:32:00;0.332;0.000;247.280;1.400;0.000;0.000;0.000
2/12/2008;06:33:00;0.330;0.000;246.890;1.400;0.000;0.000;0.000
2/12/2008;06:34:00;0.324;0.000;246.660;1.400;0.000;0.000;0.000
2/12/2008;06:35:00;0.326;0.000;245.790;1.400;0.000;0.000;0.000
2/12/2008;06:36:00;0.332;0.000;246.640;1.400;0.000;0.000;0.000
2/12/2008;06:37:00;0.332;0.000;246.830;1.400;0.000;0.000;0.000
2/12/2008;06:38:00;0.332;0.000;246.900;1.400;0.000;0.000;0.000
2/12/2008;06:39:00;0.332;0.000;246.470;1.400;0.000;0.000;0.000
2/12/2008;06:40:00;0.434;0.098;247.040;1.800;0.000;0.000;0.000
2/12/2008;06:41:00;0.438;0.122;246.810;1.800;0.000;0.000;0.000
2/12/2008;06:42:00;0.442;0.124;247.400;1.800;0.000;0.000;0.000
2/12/2008;06:43:00;0.444;0.126;247.750;1.800;0.000;0.000;0.000
2/12/2008;06:44:00;0.442;0.128;247.880;1.800;0.000;0.000;0.000
2/12/2008;06:45:00;0.442;0.126;247.890;1.800;0.000;0.000;0.000
2/12/2008;06:46:00;0.554;0.132;249.660;2.200;0.000;0.000;0.000
2/12/2008;06:47:00;2.906;0.098;246.210;13.000;0.000;0.000;0.000
2/12/2008;06:48:00;4.768;0.094;244.090;19.600;0.000;0.000;0.000
2/12/2008;06:49:00;3.414;0.086;243.820;15.000;0.000;0.000;0.000
2/12/2008;06:50:00;1.040;0.106;245.830;4.200;0.000;0.000;0.000
2/12/2008;06:51:00;1.098;0.168;245.750;4.600;0.000;0.000;0.000
2/12/2008;06:52:00;1.304;0.210;245.210;5.600;0.000;0.000;1.000
2/12/2008;06:53:00;2.506;0.198;244.310;10.400;0.000;0.000;19.000
2/12/2008;06:54:00;3.234;0.192;244.280;13.200;0.000;0.000;19.000
2/12/2008;06:55:00;3.184;0.186;243.390;13.000;0.000;0.000;19.000
2/12/2008;06:56:00;3.156;0.194;242.620;13.000;0.000;0.000;18.000
2/12/2008;06:57:00;3.928;0.224;241.510;16.400;0.000;0.000;18.000
2/12/2008;06:58:00;2.944;0.222;242.290;12.400;0.000;0.000;18.000
2/12/2008;06:59:00;2.016;0.056;242.480;8.400;0.000;0.000;18.000
2/12/2008;07:00:00;1.772;0.058;241.970;7.200;0.000;0.000;18.000
2/12/2008;07:01:00;1.808;0.058;241.820;7.400;0.000;0.000;18.000
2/12/2008;07:02:00;1.820;0.062;242.970;7.400;0.000;0.000;18.000
2/12/2008;07:03:00;1.832;0.066;244.090;7.400;0.000;0.000;18.000
2/12/2008;07:04:00;1.822;0.064;243.820;7.400;0.000;0.000;19.000
2/12/2008;07:05:00;1.872;0.064;243.660;7.600;0.000;0.000;18.000
2/12/2008;07:06:00;2.004;0.060;242.970;8.200;0.000;0.000;18.000
2/12/2008;07:07:00;1.986;0.062;243.500;8.200;0.000;0.000;18.000
2/12/2008;07:08:00;1.716;0.064;243.460;7.000;0.000;0.000;18.000
2/12/2008;07:09:00;1.706;0.062;242.560;7.000;0.000;0.000;18.000
2/12/2008;07:10:00;1.698;0.060;242.060;7.000;0.000;0.000;18.000
2/12/2008;07:11:00;1.662;0.056;239.930;6.800;0.000;0.000;18.000
2/12/2008;07:12:00;1.666;0.056;240.110;6.800;0.000;0.000;18.000
2/12/2008;07:13:00;1.676;0.058;240.650;7.000;0.000;0.000;17.000
2/12/2008;07:14:00;1.682;0.058;240.790;7.000;0.000;0.000;18.000
2/12/2008;07:15:00;1.680;0.056;240.740;7.000;0.000;0.000;18.000
2/12/2008;07:16:00;1.698;0.062;241.980;7.000;0.000;0.000;18.000
2/12/2008;07:17:00;1.702;0.064;242.460;7.000;0.000;0.000;18.000
2/12/2008;07:18:00;1.700;0.064;242.610;7.000;0.000;0.000;18.000
2/12/2008;07:19:00;1.704;0.064;242.570;7.000;0.000;0.000;18.000
2/12/2008;07:20:00;1.698;0.064;242.570;7.000;0.000;0.000;18.000
2/12/2008;07:21:00;1.690;0.062;242.060;7.000;0.000;0.000;18.000
2/12/2008;07:22:00;1.692;0.062;242.190;7.000;0.000;0.000;18.000
2/12/2008;07:23:00;1.704;0.060;241.630;7.000;0.000;0.000;18.000
2/12/2008;07:24:00;1.880;0.058;241.460;7.800;0.000;0.000;18.000
2/12/2008;07:25:00;2.020;0.058;242.240;8.200;0.000;0.000;18.000
2/12/2008;07:26:00;2.046;0.060;242.130;8.400;0.000;0.000;18.000
2/12/2008;07:27:00;2.054;0.062;242.780;8.400;0.000;0.000;18.000
2/12/2008;07:28:00;2.218;0.000;242.490;9.000;0.000;0.000;18.000
2/12/2008;07:29:00;2.264;0.000;241.900;9.200;0.000;0.000;18.000
2/12/2008;07:30:00;2.272;0.000;241.620;9.400;0.000;0.000;18.000
2/12/2008;07:31:00;2.276;0.000;241.850;9.400;0.000;0.000;18.000
2/12/2008;07:32:00;2.270;0.000;241.520;9.400;0.000;0.000;18.000
2/12/2008;07:33:00;2.244;0.000;241.510;9.200;0.000;0.000;18.000
2/12/2008;07:34:00;2.388;0.066;242.450;9.800;0.000;0.000;18.000
2/12/2008;07:35:00;2.382;0.096;242.610;9.800;0.000;0.000;18.000
2/12/2008;07:36:00;2.318;0.096;242.040;9.600;0.000;0.000;18.000
2/12/2008;07:37:00;2.254;0.094;241.050;9.400;0.000;0.000;17.000
2/12/2008;07:38:00;2.230;0.096;241.660;9.200;0.000;0.000;18.000
2/12/2008;07:39:00;2.204;0.094;240.840;9.200;0.000;0.000;18.000
2/12/2008;07:40:00;2.196;0.094;240.810;9.000;0.000;0.000;18.000
2/12/2008;07:41:00;2.120;0.094;240.790;8.800;0.000;0.000;18.000
2/12/2008;07:42:00;2.124;0.094;240.680;8.800;0.000;0.000;17.000
2/12/2008;07:43:00;2.114;0.090;240.230;8.800;0.000;0.000;18.000
2/12/2008;07:44:00;2.012;0.056;240.210;8.400;0.000;0.000;18.000
2/12/2008;07:45:00;1.932;0.054;239.380;8.000;0.000;0.000;17.000
2/12/2008;07:46:00;2.278;0.060;239.450;9.400;0.000;0.000;18.000
2/12/2008;07:47:00;2.234;0.048;239.210;9.200;0.000;0.000;18.000
2/12/2008;07:48:00;2.230;0.048;239.160;9.200;0.000;0.000;17.000
2/12/2008;07:49:00;2.226;0.048;238.840;9.200;0.000;0.000;18.000
2/12/2008;07:50:00;2.720;0.088;237.810;11.400;0.000;0.000;17.000
2/12/2008;07:51:00;2.978;0.172;238.910;12.400;0.000;0.000;17.000
2/12/2008;07:52:00;2.742;0.092;238.750;11.400;0.000;0.000;18.000
2/12/2008;07:53:00;2.820;0.000;238.580;11.800;0.000;0.000;17.000
2/12/2008;07:54:00;2.500;0.072;239.300;10.400;0.000;0.000;18.000
2/12/2008;07:55:00;3.130;0.074;238.890;13.000;0.000;0.000;18.000
2/12/2008;07:56:00;3.362;0.000;238.500;14.000;0.000;0.000;17.000
2/12/2008;07:57:00;3.816;0.072;238.400;16.200;0.000;0.000;17.000
2/12/2008;07:58:00;4.030;0.216;238.190;17.000;0.000;0.000;18.000
2/12/2008;07:59:00;4.328;0.202;237.860;18.200;0.000;0.000;17.000
2/12/2008;08:00:00;3.432;0.212;237.470;14.600;0.000;0.000;18.000
2/12/2008;08:01:00;3.420;0.156;237.280;14.400;0.000;0.000;17.000
2/12/2008;08:02:00;3.352;0.000;236.960;14.200;0.000;0.000;17.000
2/12/2008;08:03:00;2.880;0.000;237.400;12.000;0.000;0.000;17.000
2/12/2008;08:04:00;2.744;0.000;238.580;11.400;0.000;0.000;18.000
2/12/2008;08:05:00;2.614;0.000;238.550;11.000;0.000;0.000;17.000
2/12/2008;08:06:00;2.730;0.000;238.260;11.400;0.000;0.000;18.000
2/12/2008;08:07:00;2.736;0.000;238.000;11.400;0.000;0.000;17.000
2/12/2008;08:08:00;2.736;0.000;237.260;11.400;0.000;0.000;17.000
2/12/2008;08:09:00;2.716;0.000;236.330;11.400;0.000;0.000;18.000
2/12/2008;08:10:00;2.498;0.000;237.370;10.400;0.000;0.000;17.000
2/12/2008;08:11:00;2.422;0.000;237.380;10.200;0.000;0.000;17.000
2/12/2008;08:12:00;2.422;0.000;237.510;10.200;0.000;0.000;17.000
2/12/2008;08:13:00;2.432;0.000;238.050;10.200;0.000;0.000;18.000
2/12/2008;08:14:00;2.426;0.000;237.910;10.200;0.000;0.000;17.000
2/12/2008;08:15:00;2.442;0.000;238.460;10.200;0.000;0.000;18.000
2/12/2008;08:16:00;2.380;0.062;238.320;10.000;0.000;0.000;17.000
2/12/2008;08:17:00;2.380;0.070;238.720;10.000;0.000;0.000;18.000
2/12/2008;08:18:00;2.394;0.068;239.350;10.000;0.000;0.000;17.000
2/12/2008;08:19:00;2.400;0.070;239.410;10.000;0.000;0.000;18.000
2/12/2008;08:20:00;2.396;0.070;239.310;10.000;0.000;0.000;17.000
2/12/2008;08:21:00;2.490;0.050;239.110;10.400;0.000;0.000;18.000
2/12/2008;08:22:00;2.484;0.050;239.670;10.200;0.000;1.000;17.000
2/12/2008;08:23:00;2.472;0.050;239.150;10.200;0.000;2.000;18.000
2/12/2008;08:24:00;2.490;0.050;239.840;10.400;0.000;1.000;18.000
2/12/2008;08:25:00;2.492;0.052;240.370;10.400;0.000;1.000;17.000
2/12/2008;08:26:00;2.490;0.052;240.140;10.400;0.000;2.000;18.000
2/12/2008;08:27:00;2.484;0.050;239.840;10.200;0.000;1.000;18.000
2/12/2008;08:28:00;2.492;0.054;239.540;10.400;0.000;2.000;17.000
2/12/2008;08:29:00;2.598;0.184;239.510;10.800;0.000;1.000;18.000
2/12/2008;08:30:00;2.596;0.184;239.900;10.800;0.000;1.000;18.000
2/12/2008;08:31:00;2.600;0.186;240.270;10.800;0.000;2.000;17.000
2/12/2008;08:32:00;2.612;0.188;240.920;10.800;0.000;1.000;18.000
2/12/2008;08:33:00;2.608;0.186;240.910;10.800;0.000;2.000;18.000
2/12/2008;08:34:00;2.600;0.186;240.730;10.800;0.000;1.000;18.000
2/12/2008;08:35:00;2.600;0.188;240.980;10.800;0.000;1.000;17.000
2/12/2008;08:36:00;2.596;0.186;240.880;10.800;0.000;2.000;18.000
2/12/2008;08:37:00;2.584;0.184;240.260;10.800;0.000;1.000;18.000
2/12/2008;08:38:00;2.584;0.184;240.420;10.800;0.000;1.000;18.000
2/12/2008;08:39:00;2.596;0.186;240.950;10.800;0.000;1.000;18.000
2/12/2008;08:40:00;2.582;0.184;240.610;10.600;0.000;2.000;17.000
2/12/2008;08:41:00;2.580;0.182;240.590;10.600;0.000;1.000;18.000
2/12/2008;08:42:00;2.580;0.182;240.730;10.600;0.000;1.000;18.000
2/12/2008;08:43:00;2.596;0.184;240.810;10.800;0.000;1.000;18.000
2/12/2008;08:44:00;2.546;0.104;241.470;10.400;0.000;1.000;17.000
2/12/2008;08:45:00;2.528;0.066;241.810;10.400;0.000;0.000;18.000
2/12/2008;08:46:00;2.532;0.066;241.870;10.400;0.000;0.000;18.000
2/12/2008;08:47:00;2.616;0.158;241.840;10.800;0.000;0.000;18.000
2/12/2008;08:48:00;2.512;0.000;241.810;10.400;0.000;0.000;18.000
2/12/2008;08:49:00;2.516;0.000;241.980;10.400;0.000;0.000;18.000
2/12/2008;08:50:00;2.366;0.000;241.670;9.800;0.000;0.000;18.000
2/12/2008;08:51:00;2.214;0.000;241.840;9.000;0.000;0.000;18.000
2/12/2008;08:52:00;2.178;0.000;241.090;9.000;0.000;0.000;18.000
2/12/2008;08:53:00;1.852;0.000;241.550;7.800;0.000;0.000;18.000
2/12/2008;08:54:00;1.450;0.000;242.520;6.000;0.000;0.000;18.000
2/12/2008;08:55:00;1.456;0.000;243.260;6.000;0.000;0.000;18.000
2/12/2008;08:56:00;1.450;0.000;242.780;6.000;0.000;0.000;18.000
2/12/2008;08:57:00;1.450;0.000;242.830;6.000;0.000;0.000;18.000
2/12/2008;08:58:00;1.458;0.000;242.870;6.000;0.000;0.000;18.000
2/12/2008;08:59:00;1.454;0.000;242.550;6.000;0.000;0.000;18.000
2/12/2008;09:00:00;1.456;0.000;242.860;6.000;0.000;0.000;18.000
2/12/2008;09:01:00;1.452;0.000;242.490;6.000;0.000;0.000;18.000
2/12/2008;09:02:00;1.448;0.000;242.210;6.000;0.000;0.000;18.000
2/12/2008;09:03:00;1.448;0.000;242.040;6.000;0.000;0.000;18.000
2/12/2008;09:04:00;1.416;0.000;241.050;5.800;0.000;0.000;18.000
2/12/2008;09:05:00;1.370;0.074;241.550;5.600;0.000;0.000;18.000
2/12/2008;09:06:00;1.366;0.074;241.170;5.600;0.000;0.000;18.000
2/12/2008;09:07:00;1.372;0.074;241.890;5.600;0.000;0.000;18.000
2/12/2008;09:08:00;1.376;0.072;242.230;5.600;0.000;0.000;18.000
2/12/2008;09:09:00;1.370;0.074;241.610;5.600;0.000;0.000;18.000
2/12/2008;09:10:00;1.374;0.072;242.010;5.600;0.000;0.000;18.000
2/12/2008;09:11:00;1.370;0.074;241.510;5.600;0.000;0.000;18.000
2/12/2008;09:12:00;1.368;0.074;241.430;5.600;0.000;0.000;17.000
2/12/2008;09:13:00;1.376;0.072;241.490;5.600;0.000;0.000;18.000
2/12/2008;09:14:00;1.376;0.072;241.560;5.600;0.000;0.000;18.000
2/12/2008;09:15:00;1.374;0.072;241.270;5.600;0.000;0.000;18.000
2/12/2008;09:16:00;1.370;0.072;241.120;5.600;0.000;0.000;18.000
2/12/2008;09:17:00;1.366;0.074;241.240;5.600;0.000;0.000;18.000
2/12/2008;09:18:00;1.358;0.074;240.490;5.600;0.000;0.000;17.000
2/12/2008;09:19:00;1.356;0.074;240.230;5.600;0.000;0.000;18.000
2/12/2008;09:20:00;1.356;0.076;240.240;5.600;0.000;0.000;18.000
2/12/2008;09:21:00;1.364;0.074;241.040;5.600;0.000;0.000;18.000
2/12/2008;09:22:00;1.404;0.000;240.970;5.800;0.000;0.000;18.000
2/12/2008;09:23:00;1.472;0.058;240.710;6.000;0.000;0.000;17.000
2/12/2008;09:24:00;1.470;0.058;240.900;6.000;0.000;0.000;18.000
2/12/2008;09:25:00;1.466;0.058;240.650;6.000;0.000;0.000;18.000
2/12/2008;09:26:00;1.462;0.056;240.300;6.000;0.000;0.000;18.000
2/12/2008;09:27:00;1.466;0.058;240.920;6.000;0.000;0.000;17.000
2/12/2008;09:28:00;1.482;0.062;241.780;6.000;0.000;0.000;18.000
2/12/2008;09:29:00;1.472;0.060;241.110;6.000;0.000;0.000;18.000
2/12/2008;09:30:00;1.470;0.062;241.090;6.000;0.000;0.000;18.000
2/12/2008;09:31:00;1.470;0.062;241.750;6.000;0.000;0.000;18.000
2/12/2008;09:32:00;1.474;0.064;242.110;6.000;0.000;0.000;18.000
2/12/2008;09:33:00;1.464;0.060;241.290;6.000;0.000;0.000;18.000
2/12/2008;09:34:00;1.474;0.062;242.330;6.000;0.000;0.000;18.000
2/12/2008;09:35:00;1.476;0.064;242.680;6.000;0.000;0.000;18.000
2/12/2008;09:36:00;1.480;0.064;243.060;6.000;0.000;0.000;18.000
2/12/2008;09:37:00;1.552;0.146;242.870;6.400;0.000;0.000;18.000
2/12/2008;09:38:00;1.548;0.168;242.450;6.400;0.000;0.000;18.000
2/12/2008;09:39:00;1.546;0.168;242.140;6.400;0.000;0.000;18.000
2/12/2008;09:40:00;1.538;0.166;241.430;6.400;0.000;0.000;18.000
2/12/2008;09:41:00;1.524;0.142;241.980;6.200;0.000;0.000;18.000
2/12/2008;09:42:00;1.452;0.000;242.430;6.000;0.000;0.000;18.000
2/12/2008;09:43:00;1.468;0.000;243.420;6.000;0.000;0.000;18.000
2/12/2008;09:44:00;1.464;0.000;243.190;6.000;0.000;0.000;18.000
2/12/2008;09:45:00;1.450;0.000;242.520;6.000;0.000;0.000;18.000
2/12/2008;09:46:00;1.442;0.000;241.900;6.000;0.000;0.000;18.000
2/12/2008;09:47:00;1.442;0.000;241.860;6.000;0.000;0.000;18.000
2/12/2008;09:48:00;1.438;0.000;241.580;6.000;0.000;0.000;18.000
2/12/2008;09:49:00;1.440;0.000;241.880;6.000;0.000;0.000;18.000
2/12/2008;09:50:00;1.440;0.000;241.880;6.000;0.000;0.000;18.000
2/12/2008;09:51:00;1.442;0.000;242.030;6.000;0.000;0.000;18.000
2/12/2008;09:52:00;1.412;0.000;242.000;5.800;0.000;0.000;18.000
2/12/2008;09:53:00;1.370;0.072;241.540;5.600;0.000;0.000;18.000
2/12/2008;09:54:00;1.374;0.072;241.850;5.600;0.000;0.000;18.000
2/12/2008;09:55:00;1.368;0.072;241.270;5.600;0.000;0.000;17.000
2/12/2008;09:56:00;1.376;0.072;242.090;5.600;0.000;0.000;18.000
2/12/2008;09:57:00;1.376;0.072;242.030;5.600;0.000;0.000;18.000
2/12/2008;09:58:00;1.380;0.070;241.830;5.600;0.000;0.000;18.000
2/12/2008;09:59:00;1.382;0.070;241.890;5.600;0.000;0.000;18.000
2/12/2008;10:00:00;1.378;0.070;241.860;5.600;0.000;0.000;18.000
2/12/2008;10:01:00;1.370;0.072;241.570;5.600;0.000;0.000;18.000
2/12/2008;10:02:00;1.370;0.072;241.370;5.600;0.000;0.000;18.000
2/12/2008;10:03:00;1.372;0.072;241.630;5.600;0.000;0.000;18.000
2/12/2008;10:04:00;1.362;0.074;240.580;5.600;0.000;0.000;18.000
2/12/2008;10:05:00;1.362;0.072;240.590;5.600;0.000;0.000;17.000
2/12/2008;10:06:00;1.362;0.072;240.620;5.600;0.000;0.000;18.000
2/12/2008;10:07:00;1.360;0.072;240.510;5.600;0.000;0.000;18.000
2/12/2008;10:08:00;1.364;0.072;240.820;5.600;0.000;0.000;18.000
2/12/2008;10:09:00;1.362;0.072;240.710;5.600;0.000;0.000;18.000
2/12/2008;10:10:00;1.364;0.072;240.830;5.600;0.000;0.000;17.000
2/12/2008;10:11:00;1.362;0.072;240.540;5.600;0.000;0.000;18.000
2/12/2008;10:12:00;1.362;0.072;240.700;5.600;0.000;0.000;18.000
2/12/2008;10:13:00;1.384;0.070;242.130;5.600;0.000;0.000;18.000
2/12/2008;10:14:00;1.380;0.072;241.780;5.600;0.000;0.000;18.000
2/12/2008;10:15:00;1.384;0.070;242.110;5.600;0.000;0.000;18.000
2/12/2008;10:16:00;1.430;0.000;242.500;5.800;0.000;0.000;18.000
2/12/2008;10:17:00;1.492;0.064;242.600;6.200;0.000;0.000;18.000
2/12/2008;10:18:00;1.486;0.062;242.240;6.000;0.000;0.000;18.000
2/12/2008;10:19:00;1.480;0.062;241.820;6.000;0.000;0.000;18.000
2/12/2008;10:20:00;1.480;0.062;241.960;6.000;0.000;0.000;18.000
2/12/2008;10:21:00;1.476;0.062;241.770;6.000;0.000;0.000;18.000
2/12/2008;10:22:00;1.474;0.062;241.720;6.000;0.000;0.000;17.000
2/12/2008;10:23:00;1.482;0.064;242.470;6.000;0.000;0.000;18.000
2/12/2008;10:24:00;1.474;0.062;241.870;6.000;0.000;0.000;18.000
2/12/2008;10:25:00;1.488;0.072;241.030;6.200;0.000;0.000;18.000
2/12/2008;10:26:00;1.542;0.164;241.260;6.400;0.000;0.000;18.000
2/12/2008;10:27:00;1.536;0.162;240.790;6.400;0.000;0.000;18.000
2/12/2008;10:28:00;1.540;0.162;240.530;6.400;0.000;0.000;18.000
2/12/2008;10:29:00;1.536;0.162;240.370;6.400;0.000;0.000;17.000
2/12/2008;10:30:00;1.534;0.162;240.360;6.400;0.000;0.000;18.000
2/12/2008;10:31:00;1.522;0.160;239.920;6.400;0.000;0.000;18.000
2/12/2008;10:32:00;1.570;0.204;240.310;6.600;0.000;0.000;17.000
2/12/2008;10:33:00;1.916;0.376;239.800;8.000;0.000;0.000;18.000
2/12/2008;10:34:00;1.912;0.362;239.200;8.000;0.000;0.000;18.000
2/12/2008;10:35:00;1.980;0.414;239.460;8.400;0.000;0.000;17.000
2/12/2008;10:36:00;2.362;0.760;239.500;10.400;0.000;0.000;18.000
2/12/2008;10:37:00;2.156;0.552;239.590;9.400;0.000;0.000;17.000
2/12/2008;10:38:00;1.844;0.236;240.890;7.600;0.000;0.000;18.000
2/12/2008;10:39:00;1.846;0.238;240.940;7.600;0.000;0.000;18.000
2/12/2008;10:40:00;1.806;0.186;240.520;7.400;0.000;0.000;18.000
2/12/2008;10:41:00;1.772;0.134;240.410;7.400;0.000;0.000;17.000
2/12/2008;10:42:00;1.780;0.138;241.070;7.400;0.000;0.000;18.000
2/12/2008;10:43:00;1.824;0.140;241.610;7.600;0.000;0.000;18.000
2/12/2008;10:44:00;1.878;0.138;241.400;7.800;0.000;0.000;18.000
2/12/2008;10:45:00;1.946;0.136;241.060;8.000;0.000;0.000;18.000
2/12/2008;10:46:00;1.932;0.134;240.680;8.000;0.000;0.000;18.000
2/12/2008;10:47:00;1.800;0.134;240.250;7.400;0.000;0.000;17.000
2/12/2008;10:48:00;1.822;0.192;240.110;7.600;0.000;0.000;18.000
2/12/2008;10:49:00;1.848;0.258;239.970;7.800;0.000;1.000;18.000
2/12/2008;10:50:00;1.856;0.262;240.620;7.800;0.000;1.000;18.000
2/12/2008;10:51:00;1.570;0.122;240.190;6.600;0.000;1.000;17.000
2/12/2008;10:52:00;1.440;0.046;240.300;6.000;0.000;2.000;18.000
2/12/2008;10:53:00;1.446;0.048;240.830;6.000;0.000;1.000;18.000
2/12/2008;10:54:00;1.454;0.052;241.640;6.000;0.000;2.000;18.000
2/12/2008;10:55:00;1.692;0.208;240.450;7.400;0.000;1.000;17.000
2/12/2008;10:56:00;2.316;0.562;239.410;10.200;0.000;1.000;18.000
2/12/2008;10:57:00;2.316;0.566;239.540;10.200;0.000;2.000;18.000
2/12/2008;10:58:00;1.472;0.058;241.200;6.000;0.000;1.000;17.000
2/12/2008;10:59:00;2.248;0.534;240.070;9.800;0.000;2.000;18.000
2/12/2008;11:00:00;2.302;0.562;239.360;10.000;0.000;1.000;18.000
2/12/2008;11:01:00;2.300;0.562;239.480;10.000;0.000;1.000;17.000
2/12/2008;11:02:00;2.288;0.558;238.980;10.000;0.000;2.000;18.000
2/12/2008;11:03:00;1.740;0.230;239.550;7.600;0.000;1.000;17.000
2/12/2008;11:04:00;1.438;0.046;240.510;6.000;0.000;1.000;18.000
2/12/2008;11:05:00;1.428;0.000;239.660;6.000;0.000;2.000;18.000
2/12/2008;11:06:00;1.426;0.000;239.640;6.000;0.000;1.000;17.000
2/12/2008;11:07:00;1.422;0.000;239.290;5.800;0.000;1.000;18.000
2/12/2008;11:08:00;1.410;0.000;238.070;5.800;0.000;2.000;17.000
2/12/2008;11:09:00;1.422;0.000;239.380;5.800;0.000;1.000;18.000
2/12/2008;11:10:00;1.466;0.078;239.870;6.200;0.000;1.000;18.000
2/12/2008;11:11:00;1.496;0.112;239.780;6.200;0.000;1.000;17.000
2/12/2008;11:12:00;1.454;0.056;239.210;6.000;0.000;0.000;18.000
2/12/2008;11:13:00;1.492;0.056;239.210;6.200;0.000;0.000;17.000
2/12/2008;11:14:00;1.570;0.056;239.580;6.600;0.000;0.000;18.000
2/12/2008;11:15:00;1.610;0.096;239.190;6.800;0.000;0.000;17.000
2/12/2008;11:16:00;1.626;0.154;238.840;6.800;0.000;0.000;18.000
2/12/2008;11:17:00;1.622;0.152;238.530;6.800;0.000;0.000;17.000
2/12/2008;11:18:00;1.618;0.152;238.310;6.800;0.000;0.000;18.000
2/12/2008;11:19:00;1.622;0.154;238.780;6.800;0.000;0.000;17.000
2/12/2008;11:20:00;1.620;0.154;238.810;6.800;0.000;0.000;18.000
2/12/2008;11:21:00;1.622;0.156;239.270;6.800;0.000;0.000;17.000
2/12/2008;11:22:00;1.614;0.154;238.750;6.800;0.000;0.000;18.000
2/12/2008;11:23:00;1.616;0.154;239.020;6.800;0.000;0.000;17.000
2/12/2008;11:24:00;1.626;0.158;239.980;6.800;0.000;0.000;18.000
2/12/2008;11:25:00;1.622;0.158;239.780;6.800;0.000;0.000;18.000
2/12/2008;11:26:00;1.620;0.156;239.610;6.800;0.000;0.000;17.000
2/12/2008;11:27:00;1.618;0.156;239.570;6.800;0.000;0.000;18.000
2/12/2008;11:28:00;1.612;0.152;238.450;6.800;0.000;0.000;17.000
2/12/2008;11:29:00;1.558;0.070;238.910;6.600;0.000;0.000;18.000
2/12/2008;11:30:00;1.454;0.076;239.020;6.000;0.000;0.000;17.000
2/12/2008;11:31:00;1.452;0.078;238.870;6.000;0.000;0.000;18.000
2/12/2008;11:32:00;1.454;0.078;239.200;6.000;0.000;0.000;17.000
2/12/2008;11:33:00;1.454;0.076;239.250;6.000;0.000;0.000;18.000
2/12/2008;11:34:00;1.384;0.074;239.480;5.800;0.000;0.000;18.000
2/12/2008;11:35:00;1.352;0.074;239.650;5.600;0.000;0.000;17.000
2/12/2008;11:36:00;1.352;0.074;239.630;5.600;0.000;0.000;18.000
2/12/2008;11:37:00;1.348;0.074;239.190;5.600;0.000;0.000;17.000
2/12/2008;11:38:00;1.348;0.074;239.280;5.600;0.000;0.000;18.000
2/12/2008;11:39:00;1.346;0.074;239.020;5.600;0.000;0.000;18.000
2/12/2008;11:40:00;1.348;0.074;239.230;5.600;0.000;0.000;17.000
2/12/2008;11:41:00;1.340;0.074;238.450;5.600;0.000;0.000;18.000
2/12/2008;11:42:00;1.344;0.074;238.800;5.600;0.000;0.000;17.000
2/12/2008;11:43:00;1.346;0.074;239.130;5.600;0.000;0.000;18.000
2/12/2008;11:44:00;1.344;0.076;238.870;5.600;0.000;0.000;17.000
2/12/2008;11:45:00;1.352;0.074;239.690;5.600;0.000;0.000;18.000
2/12/2008;11:46:00;1.352;0.074;239.670;5.600;0.000;0.000;17.000
2/12/2008;11:47:00;1.354;0.074;239.820;5.600;0.000;0.000;18.000
2/12/2008;11:48:00;1.358;0.074;240.300;5.600;0.000;0.000;18.000
2/12/2008;11:49:00;1.374;0.068;241.800;5.600;0.000;0.000;18.000
2/12/2008;11:50:00;1.376;0.070;242.120;5.600;0.000;0.000;18.000
2/12/2008;11:51:00;1.370;0.070;241.520;5.600;0.000;0.000;17.000
2/12/2008;11:52:00;1.364;0.072;240.840;5.600;0.000;0.000;18.000
2/12/2008;11:53:00;1.350;0.074;239.520;5.600;0.000;0.000;18.000
2/12/2008;11:54:00;1.360;0.072;240.360;5.600;0.000;0.000;18.000
2/12/2008;11:55:00;1.366;0.070;241.010;5.600;0.000;0.000;17.000
2/12/2008;11:56:00;1.360;0.072;240.440;5.600;0.000;0.000;18.000
2/12/2008;11:57:00;1.354;0.072;239.840;5.600;0.000;0.000;18.000
2/12/2008;11:58:00;1.358;0.072;240.290;5.600;0.000;0.000;17.000
2/12/2008;11:59:00;1.354;0.072;239.820;5.600;0.000;0.000;18.000
2/12/2008;12:00:00;1.350;0.072;239.380;5.600;0.000;0.000;18.000
2/12/2008;12:01:00;1.354;0.072;239.790;5.600;0.000;0.000;17.000
2/12/2008;12:02:00;1.344;0.072;238.820;5.600;0.000;0.000;18.000
2/12/2008;12:03:00;1.338;0.074;238.290;5.600;0.000;0.000;17.000
2/12/2008;12:04:00;1.338;0.076;238.200;5.600;0.000;0.000;18.000
2/12/2008;12:05:00;1.498;0.070;239.930;6.200;0.000;0.000;17.000
2/12/2008;12:06:00;1.540;0.160;240.150;6.400;0.000;0.000;18.000
2/12/2008;12:07:00;1.540;0.162;240.350;6.400;0.000;0.000;18.000
2/12/2008;12:08:00;1.550;0.166;241.330;6.400;0.000;0.000;18.000
2/12/2008;12:09:00;1.540;0.162;240.570;6.400;0.000;0.000;17.000
2/12/2008;12:10:00;1.536;0.162;240.540;6.400;0.000;0.000;18.000
2/12/2008;12:11:00;1.534;0.164;240.620;6.400;0.000;0.000;18.000
2/12/2008;12:12:00;1.538;0.166;241.230;6.400;0.000;0.000;18.000
2/12/2008;12:13:00;1.538;0.166;241.370;6.400;0.000;0.000;18.000
2/12/2008;12:14:00;1.532;0.164;240.870;6.400;0.000;0.000;17.000
2/12/2008;12:15:00;1.530;0.164;240.910;6.400;0.000;0.000;18.000
2/12/2008;12:16:00;1.526;0.162;240.700;6.400;0.000;0.000;18.000
2/12/2008;12:17:00;1.526;0.162;240.640;6.400;0.000;0.000;18.000
2/12/2008;12:18:00;1.518;0.160;240.110;6.400;0.000;0.000;17.000
2/12/2008;12:19:00;1.456;0.062;240.250;6.000;0.000;0.000;18.000
2/12/2008;12:20:00;1.450;0.056;240.030;6.000;0.000;0.000;18.000
2/12/2008;12:21:00;1.444;0.056;239.590;6.000;0.000;0.000;17.000
2/12/2008;12:22:00;1.452;0.058;240.340;6.000;0.000;0.000;18.000
2/12/2008;12:23:00;1.460;0.060;241.080;6.000;0.000;0.000;18.000
2/12/2008;12:24:00;1.414;0.000;241.300;5.800;0.000;0.000;18.000
2/12/2008;12:25:00;1.372;0.072;241.630;5.600;0.000;0.000;18.000
2/12/2008;12:26:00;1.376;0.070;242.060;5.600;0.000;0.000;18.000
2/12/2008;12:27:00;1.378;0.072;242.190;5.600;0.000;0.000;18.000
2/12/2008;12:28:00;1.374;0.072;241.690;5.600;0.000;0.000;18.000
2/12/2008;12:29:00;1.374;0.072;241.880;5.600;0.000;0.000;18.000
2/12/2008;12:30:00;1.372;0.072;241.620;5.600;0.000;0.000;17.000
2/12/2008;12:31:00;1.376;0.072;241.920;5.600;0.000;0.000;18.000
2/12/2008;12:32:00;1.378;0.072;242.110;5.600;0.000;0.000;18.000
2/12/2008;12:33:00;1.372;0.072;241.660;5.600;0.000;0.000;18.000
2/12/2008;12:34:00;1.374;0.070;241.790;5.600;0.000;0.000;18.000
2/12/2008;12:35:00;1.378;0.070;242.200;5.600;0.000;0.000;18.000
2/12/2008;12:36:00;1.368;0.072;241.150;5.600;0.000;0.000;18.000
2/12/2008;12:37:00;1.368;0.072;241.220;5.600;0.000;0.000;18.000
2/12/2008;12:38:00;1.364;0.072;240.870;5.600;0.000;0.000;18.000
2/12/2008;12:39:00;1.366;0.072;241.020;5.600;0.000;0.000;18.000
2/12/2008;12:40:00;1.374;0.072;241.860;5.600;0.000;0.000;17.000
2/12/2008;12:41:00;1.376;0.072;242.000;5.600;0.000;0.000;18.000
2/12/2008;12:42:00;1.378;0.070;242.260;5.600;0.000;0.000;18.000
2/12/2008;12:43:00;1.376;0.070;242.030;5.600;0.000;0.000;18.000
2/12/2008;12:44:00;1.716;0.064;241.630;7.800;0.000;0.000;18.000
2/12/2008;12:45:00;2.718;0.448;239.660;11.600;0.000;0.000;18.000
2/12/2008;12:46:00;2.706;0.434;240.520;11.600;0.000;0.000;18.000
2/12/2008;12:47:00;2.706;0.430;240.730;11.600;0.000;0.000;17.000
2/12/2008;12:48:00;2.708;0.430;240.950;11.600;0.000;0.000;18.000
2/12/2008;12:49:00;2.710;0.430;241.020;11.600;0.000;0.000;18.000
2/12/2008;12:50:00;2.716;0.428;241.280;11.600;0.000;0.000;18.000
2/12/2008;12:51:00;2.700;0.424;240.600;11.600;0.000;0.000;18.000
2/12/2008;12:52:00;2.686;0.422;239.970;11.400;0.000;0.000;17.000
2/12/2008;12:53:00;2.692;0.420;240.180;11.400;0.000;0.000;18.000
2/12/2008;12:54:00;2.698;0.422;240.610;11.600;0.000;0.000;18.000
2/12/2008;12:55:00;1.752;0.110;241.320;7.600;0.000;0.000;18.000
2/12/2008;12:56:00;1.442;0.000;241.120;6.000;0.000;0.000;18.000
2/12/2008;12:57:00;1.444;0.000;241.200;6.000;0.000;0.000;17.000
2/12/2008;12:58:00;1.444;0.000;241.260;6.000;0.000;0.000;18.000
2/12/2008;12:59:00;1.442;0.000;241.250;6.000;0.000;0.000;18.000
2/12/2008;13:00:00;1.560;0.162;241.260;6.400;0.000;0.000;18.000
2/12/2008;13:01:00;1.542;0.164;240.590;6.400;0.000;0.000;18.000
2/12/2008;13:02:00;1.536;0.164;240.470;6.400;0.000;0.000;17.000
2/12/2008;13:03:00;1.536;0.164;240.580;6.400;0.000;0.000;18.000
2/12/2008;13:04:00;1.540;0.166;241.230;6.400;0.000;0.000;18.000
2/12/2008;13:05:00;1.538;0.166;241.120;6.400;0.000;0.000;18.000
2/12/2008;13:06:00;1.530;0.164;240.680;6.400;0.000;0.000;18.000
2/12/2008;13:07:00;1.530;0.160;241.170;6.400;0.000;0.000;17.000
2/12/2008;13:08:00;1.470;0.064;241.600;6.000;0.000;0.000;18.000
2/12/2008;13:09:00;1.472;0.064;241.720;6.000;0.000;0.000;18.000
2/12/2008;13:10:00;1.466;0.062;241.250;6.000;0.000;0.000;18.000
2/12/2008;13:11:00;1.464;0.062;241.250;6.000;0.000;0.000;18.000
2/12/2008;13:12:00;1.468;0.064;241.680;6.000;0.000;0.000;18.000
2/12/2008;13:13:00;1.466;0.064;241.640;6.000;0.000;0.000;18.000
2/12/2008;13:14:00;1.472;0.066;242.150;6.000;0.000;0.000;18.000
2/12/2008;13:15:00;1.558;0.178;242.040;6.400;0.000;0.000;18.000
2/12/2008;13:16:00;1.554;0.190;242.180;6.400;0.000;1.000;18.000
2/12/2008;13:17:00;1.542;0.186;241.250;6.400;0.000;1.000;18.000
2/12/2008;13:18:00;1.542;0.186;241.270;6.400;0.000;2.000;17.000
2/12/2008;13:19:00;1.486;0.102;241.420;6.200;0.000;1.000;18.000
2/12/2008;13:20:00;1.452;0.052;241.420;6.000;0.000;2.000;18.000
2/12/2008;13:21:00;1.456;0.052;241.620;6.000;0.000;1.000;18.000
2/12/2008;13:22:00;1.454;0.052;241.570;6.000;0.000;1.000;18.000
2/12/2008;13:23:00;1.456;0.052;241.600;6.000;0.000;2.000;18.000
2/12/2008;13:24:00;1.452;0.050;241.260;6.000;0.000;1.000;18.000
2/12/2008;13:25:00;1.448;0.050;240.930;6.000;0.000;2.000;18.000
2/12/2008;13:26:00;1.446;0.050;240.860;6.000;0.000;1.000;17.000
2/12/2008;13:27:00;1.442;0.048;240.570;6.000;0.000;1.000;18.000
2/12/2008;13:28:00;1.456;0.050;241.190;6.000;0.000;2.000;18.000
2/12/2008;13:29:00;1.454;0.050;241.160;6.000;0.000;1.000;18.000
2/12/2008;13:30:00;1.456;0.050;241.480;6.000;0.000;1.000;18.000
2/12/2008;13:31:00;1.452;0.050;241.220;6.000;0.000;2.000;18.000
2/12/2008;13:32:00;1.456;0.050;241.610;6.000;0.000;1.000;17.000
2/12/2008;13:33:00;1.456;0.052;241.820;6.000;0.000;1.000;18.000
2/12/2008;13:34:00;1.464;0.054;242.680;6.000;0.000;2.000;18.000
2/12/2008;13:35:00;1.460;0.054;242.370;6.000;0.000;1.000;18.000
2/12/2008;13:36:00;1.452;0.052;241.650;6.000;0.000;1.000;18.000
2/12/2008;13:37:00;1.456;0.052;241.980;6.000;0.000;1.000;18.000
2/12/2008;13:38:00;1.394;0.052;242.250;5.800;0.000;1.000;18.000
2/12/2008;13:39:00;1.386;0.070;242.430;5.600;0.000;0.000;18.000
2/12/2008;13:40:00;1.386;0.070;242.410;5.600;0.000;0.000;18.000
2/12/2008;13:41:00;3.216;0.082;239.840;13.800;0.000;0.000;18.000
2/12/2008;13:42:00;1.608;0.070;241.490;7.200;0.000;0.000;18.000
2/12/2008;13:43:00;1.668;0.072;241.650;7.600;0.000;0.000;18.000
2/12/2008;13:44:00;1.836;0.066;240.430;8.400;0.000;0.000;18.000
2/12/2008;13:45:00;1.996;0.000;240.330;9.200;0.000;0.000;17.000
2/12/2008;13:46:00;1.988;0.000;241.180;9.000;0.000;0.000;18.000
2/12/2008;13:47:00;1.856;0.000;241.290;8.400;0.000;0.000;18.000
2/12/2008;13:48:00;1.926;0.000;241.060;8.800;0.000;0.000;18.000
2/12/2008;13:49:00;1.854;0.000;241.540;8.400;0.000;0.000;18.000
2/12/2008;13:50:00;2.388;0.000;241.540;10.800;0.000;0.000;18.000
2/12/2008;13:51:00;2.108;0.000;241.490;9.600;0.000;0.000;17.000
2/12/2008;13:52:00;2.206;0.000;240.810;10.000;0.000;0.000;18.000
2/12/2008;13:53:00;2.156;0.000;240.550;9.800;0.000;0.000;18.000
2/12/2008;13:54:00;2.180;0.138;240.580;10.000;0.000;0.000;18.000
2/12/2008;13:55:00;2.322;0.160;240.840;10.600;0.000;0.000;18.000
2/12/2008;13:56:00;2.050;0.170;242.720;9.200;0.000;0.000;18.000
2/12/2008;13:57:00;2.272;0.084;243.090;10.200;0.000;0.000;18.000
2/12/2008;13:58:00;2.376;0.060;241.920;10.800;0.000;0.000;18.000
2/12/2008;13:59:00;2.112;0.060;241.360;9.600;0.000;0.000;18.000
2/12/2008;14:00:00;1.810;0.062;241.330;8.200;0.000;0.000;17.000
2/12/2008;14:01:00;1.986;0.062;241.480;9.000;0.000;0.000;18.000
2/12/2008;14:02:00;2.042;0.066;242.900;9.200;0.000;0.000;18.000
2/12/2008;14:03:00;2.264;0.064;242.890;10.200;0.000;0.000;18.000
2/12/2008;14:04:00;1.736;0.070;243.360;7.600;0.000;0.000;19.000
2/12/2008;14:05:00;2.068;0.066;242.750;9.400;0.000;0.000;18.000
2/12/2008;14:06:00;2.340;0.062;242.070;10.600;0.000;0.000;18.000
2/12/2008;14:07:00;1.938;0.068;243.450;8.800;0.000;0.000;18.000
2/12/2008;14:08:00;2.140;0.064;242.510;9.800;0.000;0.000;18.000
2/12/2008;14:09:00;2.098;0.064;242.510;9.600;0.000;0.000;18.000
2/12/2008;14:10:00;2.098;0.066;243.060;9.400;0.000;0.000;18.000
2/12/2008;14:11:00;1.778;0.072;244.970;7.800;0.000;0.000;18.000
2/12/2008;14:12:00;1.514;0.078;245.880;6.200;0.000;0.000;19.000
2/12/2008;14:13:00;1.466;0.000;245.440;6.000;0.000;0.000;18.000
2/12/2008;14:14:00;1.414;0.064;245.400;5.800;0.000;0.000;19.000
2/12/2008;14:15:00;1.418;0.062;245.940;5.800;0.000;0.000;18.000
2/12/2008;14:16:00;1.406;0.064;245.290;5.600;0.000;0.000;19.000
2/12/2008;14:17:00;1.406;0.066;245.190;5.600;0.000;0.000;18.000
2/12/2008;14:18:00;1.408;0.066;245.290;5.600;0.000;0.000;19.000
2/12/2008;14:19:00;1.412;0.064;245.780;5.800;0.000;0.000;18.000
2/12/2008;14:20:00;1.408;0.064;245.430;5.600;0.000;0.000;19.000
2/12/2008;14:21:00;1.408;0.066;244.920;5.800;0.000;0.000;18.000
2/12/2008;14:22:00;1.402;0.066;244.200;5.800;0.000;0.000;18.000
2/12/2008;14:23:00;1.394;0.068;243.400;5.600;0.000;0.000;18.000
2/12/2008;14:24:00;1.398;0.066;243.790;5.600;0.000;0.000;19.000
2/12/2008;14:25:00;1.398;0.066;243.750;5.600;0.000;0.000;18.000
2/12/2008;14:26:00;1.396;0.066;243.910;5.600;0.000;0.000;18.000
2/12/2008;14:27:00;1.394;0.066;243.970;5.600;0.000;0.000;18.000
2/12/2008;14:28:00;1.394;0.066;244.060;5.600;0.000;0.000;19.000
2/12/2008;14:29:00;1.398;0.066;244.320;5.600;0.000;0.000;18.000
2/12/2008;14:30:00;1.392;0.066;243.870;5.600;0.000;0.000;18.000
2/12/2008;14:31:00;1.390;0.066;243.630;5.600;0.000;0.000;18.000
2/12/2008;14:32:00;1.394;0.066;243.990;5.600;0.000;0.000;19.000
2/12/2008;14:33:00;1.400;0.066;244.620;5.600;0.000;0.000;18.000
2/12/2008;14:34:00;1.430;0.054;245.220;5.800;0.000;0.000;18.000
2/12/2008;14:35:00;1.486;0.000;245.440;6.000;0.000;0.000;19.000
2/12/2008;14:36:00;1.482;0.000;245.280;6.000;0.000;0.000;18.000
2/12/2008;14:37:00;1.486;0.000;245.610;6.000;0.000;0.000;19.000
2/12/2008;14:38:00;1.486;0.000;245.570;6.000;0.000;0.000;18.000
2/12/2008;14:39:00;1.484;0.000;245.450;6.000;0.000;0.000;19.000
2/12/2008;14:40:00;1.476;0.000;244.810;6.000;0.000;0.000;18.000
2/12/2008;14:41:00;1.472;0.000;244.640;6.000;0.000;0.000;18.000
2/12/2008;14:42:00;1.482;0.000;245.730;6.000;0.000;0.000;19.000
2/12/2008;14:43:00;1.476;0.000;245.100;6.000;0.000;0.000;18.000
2/12/2008;14:44:00;1.470;0.000;244.510;6.000;0.000;0.000;19.000
2/12/2008;14:45:00;1.470;0.000;244.600;6.000;0.000;0.000;18.000
2/12/2008;14:46:00;1.468;0.000;244.530;6.000;0.000;0.000;18.000
2/12/2008;14:47:00;1.468;0.000;244.600;6.000;0.000;0.000;19.000
2/12/2008;14:48:00;1.518;0.078;243.890;6.200;0.000;0.000;18.000
2/12/2008;14:49:00;1.500;0.070;243.700;6.200;0.000;0.000;18.000
2/12/2008;14:50:00;1.502;0.070;244.070;6.200;0.000;0.000;18.000
2/12/2008;14:51:00;1.502;0.072;244.230;6.200;0.000;0.000;19.000
2/12/2008;14:52:00;1.504;0.074;244.580;6.200;0.000;0.000;18.000
2/12/2008;14:53:00;1.498;0.072;244.080;6.000;0.000;0.000;18.000
2/12/2008;14:54:00;1.504;0.074;244.660;6.200;0.000;0.000;18.000
2/12/2008;14:55:00;1.506;0.076;245.110;6.200;0.000;0.000;19.000
2/12/2008;14:56:00;1.496;0.074;244.230;6.000;0.000;0.000;18.000
2/12/2008;14:57:00;1.496;0.074;244.250;6.000;0.000;0.000;18.000
2/12/2008;14:58:00;1.502;0.074;244.890;6.000;0.000;0.000;19.000
2/12/2008;14:59:00;1.498;0.074;244.680;6.000;0.000;0.000;18.000
2/12/2008;15:00:00;1.496;0.074;244.480;6.000;0.000;0.000;18.000
2/12/2008;15:01:00;1.494;0.074;244.430;6.000;0.000;0.000;19.000
2/12/2008;15:02:00;1.486;0.072;243.770;6.000;0.000;0.000;18.000
2/12/2008;15:03:00;1.484;0.070;243.530;6.000;0.000;0.000;18.000
2/12/2008;15:04:00;1.478;0.068;242.970;6.000;0.000;0.000;18.000
2/12/2008;15:05:00;1.480;0.070;243.340;6.000;0.000;0.000;18.000
2/12/2008;15:06:00;0.674;0.078;243.540;3.400;0.000;0.000;7.000
2/12/2008;15:07:00;0.374;0.056;243.410;1.600;0.000;0.000;0.000
2/12/2008;15:08:00;0.296;0.056;243.960;1.400;0.000;0.000;0.000
2/12/2008;15:09:00;0.296;0.054;244.350;1.400;0.000;0.000;0.000
2/12/2008;15:10:00;0.298;0.054;245.010;1.400;0.000;0.000;0.000
2/12/2008;15:11:00;0.296;0.054;244.710;1.400;0.000;0.000;0.000
2/12/2008;15:12:00;0.296;0.054;244.800;1.400;0.000;0.000;0.000
2/12/2008;15:13:00;0.298;0.052;245.430;1.400;0.000;0.000;0.000
2/12/2008;15:14:00;0.298;0.054;245.220;1.400;0.000;0.000;0.000
2/12/2008;15:15:00;0.298;0.054;245.520;1.400;0.000;0.000;0.000
2/12/2008;15:16:00;0.298;0.052;246.130;1.400;0.000;0.000;0.000
2/12/2008;15:17:00;0.300;0.052;246.750;1.400;0.000;0.000;0.000
2/12/2008;15:18:00;0.298;0.052;246.130;1.400;0.000;0.000;0.000
2/12/2008;15:19:00;0.300;0.052;246.250;1.400;0.000;0.000;0.000
2/12/2008;15:20:00;0.300;0.052;246.360;1.400;0.000;0.000;0.000
2/12/2008;15:21:00;0.300;0.052;246.370;1.400;0.000;0.000;0.000
2/12/2008;15:22:00;0.298;0.052;246.000;1.400;0.000;0.000;0.000
2/12/2008;15:23:00;0.298;0.052;246.240;1.400;0.000;0.000;0.000
2/12/2008;15:24:00;0.300;0.052;246.510;1.400;0.000;0.000;0.000
2/12/2008;15:25:00;0.298;0.054;245.550;1.400;0.000;0.000;0.000
2/12/2008;15:26:00;0.380;0.000;244.450;1.800;0.000;0.000;0.000
2/12/2008;15:27:00;0.374;0.052;244.700;1.600;0.000;0.000;0.000
2/12/2008;15:28:00;0.376;0.052;244.970;1.600;0.000;0.000;0.000
2/12/2008;15:29:00;0.376;0.052;245.060;1.600;0.000;0.000;0.000
2/12/2008;15:30:00;0.376;0.054;245.670;1.600;0.000;0.000;0.000
2/12/2008;15:31:00;0.372;0.054;245.370;1.600;0.000;0.000;0.000
2/12/2008;15:32:00;0.372;0.054;245.770;1.600;0.000;0.000;0.000
2/12/2008;15:33:00;0.370;0.054;245.380;1.600;0.000;0.000;0.000
2/12/2008;15:34:00;0.368;0.052;245.050;1.600;0.000;0.000;0.000
2/12/2008;15:35:00;0.370;0.056;246.260;1.600;0.000;0.000;0.000
2/12/2008;15:36:00;0.372;0.058;246.990;1.600;0.000;0.000;0.000
2/12/2008;15:37:00;0.370;0.056;246.190;1.600;0.000;0.000;0.000
2/12/2008;15:38:00;0.354;0.000;246.630;1.600;0.000;0.000;0.000
2/12/2008;15:39:00;0.300;0.050;247.040;1.400;0.000;0.000;0.000
2/12/2008;15:40:00;0.344;0.000;247.100;1.600;0.000;0.000;0.000
2/12/2008;15:41:00;0.384;0.078;246.960;1.600;0.000;0.000;0.000
2/12/2008;15:42:00;0.384;0.076;246.740;1.600;0.000;2.000;0.000
2/12/2008;15:43:00;0.502;0.210;246.170;2.200;0.000;1.000;0.000
2/12/2008;15:44:00;0.494;0.216;246.320;2.200;0.000;2.000;0.000
2/12/2008;15:45:00;0.490;0.214;245.630;2.200;0.000;1.000;0.000
2/12/2008;15:46:00;0.492;0.214;245.630;2.200;0.000;1.000;0.000
2/12/2008;15:47:00;0.496;0.212;245.120;2.200;0.000;2.000;0.000
2/12/2008;15:48:00;0.494;0.212;244.830;2.200;0.000;1.000;0.000
2/12/2008;15:49:00;0.490;0.212;244.880;2.200;0.000;2.000;0.000
2/12/2008;15:50:00;0.490;0.214;245.170;2.200;0.000;1.000;0.000
2/12/2008;15:51:00;0.490;0.214;245.470;2.200;0.000;1.000;0.000
2/12/2008;15:52:00;0.488;0.214;245.630;2.200;0.000;2.000;0.000
2/12/2008;15:53:00;0.488;0.216;246.210;2.200;0.000;1.000;0.000
2/12/2008;15:54:00;0.486;0.214;245.930;2.200;0.000;2.000;0.000
2/12/2008;15:55:00;0.482;0.212;245.650;2.200;0.000;1.000;0.000
2/12/2008;15:56:00;0.480;0.212;245.460;2.200;0.000;1.000;0.000
2/12/2008;15:57:00;0.480;0.216;246.300;2.200;0.000;2.000;0.000
2/12/2008;15:58:00;0.480;0.218;246.720;2.200;0.000;1.000;0.000
2/12/2008;15:59:00;0.478;0.218;246.710;2.200;0.000;1.000;0.000
2/12/2008;16:00:00;0.476;0.216;246.120;2.200;0.000;2.000;0.000
2/12/2008;16:01:00;0.476;0.216;246.040;2.200;0.000;1.000;0.000
2/12/2008;16:02:00;0.410;0.116;244.230;1.800;0.000;1.000;0.000
2/12/2008;16:03:00;0.360;0.000;244.520;1.600;0.000;1.000;0.000
2/12/2008;16:04:00;0.302;0.054;244.470;1.400;0.000;0.000;0.000
2/12/2008;16:05:00;0.302;0.056;244.070;1.400;0.000;0.000;0.000
2/12/2008;16:06:00;0.300;0.058;243.250;1.400;0.000;0.000;0.000
2/12/2008;16:07:00;0.300;0.058;242.780;1.400;0.000;0.000;0.000
2/12/2008;16:08:00;0.300;0.058;242.900;1.400;0.000;0.000;0.000
2/12/2008;16:09:00;0.300;0.056;243.320;1.400;0.000;0.000;0.000
2/12/2008;16:10:00;0.300;0.056;243.680;1.400;0.000;0.000;0.000
2/12/2008;16:11:00;0.302;0.056;243.970;1.400;0.000;0.000;0.000
2/12/2008;16:12:00;0.300;0.058;243.100;1.400;0.000;0.000;0.000
2/12/2008;16:13:00;0.300;0.058;243.270;1.400;0.000;0.000;0.000
2/12/2008;16:14:00;0.300;0.058;243.240;1.400;0.000;0.000;0.000
2/12/2008;16:15:00;0.300;0.058;243.810;1.400;0.000;0.000;0.000
2/12/2008;16:16:00;0.368;0.000;244.320;1.800;0.000;0.000;0.000
2/12/2008;16:17:00;0.380;0.050;244.820;1.600;0.000;0.000;0.000
2/12/2008;16:18:00;0.380;0.050;244.730;1.600;0.000;0.000;0.000
2/12/2008;16:19:00;0.380;0.052;245.140;1.600;0.000;0.000;0.000
2/12/2008;16:20:00;0.380;0.052;245.200;1.600;0.000;0.000;0.000
2/12/2008;16:21:00;0.378;0.052;245.170;1.600;0.000;0.000;0.000
2/12/2008;16:22:00;0.378;0.054;245.860;1.600;0.000;0.000;0.000
2/12/2008;16:23:00;0.378;0.056;246.820;1.600;0.000;0.000;0.000
2/12/2008;16:24:00;0.376;0.056;246.640;1.600;0.000;0.000;0.000
2/12/2008;16:25:00;0.376;0.054;246.100;1.600;0.000;0.000;0.000
2/12/2008;16:26:00;0.370;0.052;245.230;1.600;0.000;0.000;0.000
2/12/2008;16:27:00;0.366;0.052;245.290;1.600;0.000;0.000;0.000
2/12/2008;16:28:00;0.366;0.048;244.740;1.600;0.000;0.000;0.000
2/12/2008;16:29:00;0.318;0.000;245.030;1.400;0.000;0.000;0.000
2/12/2008;16:30:00;0.296;0.054;245.390;1.400;0.000;0.000;0.000
2/12/2008;16:31:00;0.296;0.056;245.350;1.400;0.000;0.000;0.000
2/12/2008;16:32:00;0.296;0.056;244.850;1.400;0.000;0.000;0.000
2/12/2008;16:33:00;0.300;0.054;244.970;1.400;0.000;0.000;0.000
2/12/2008;16:34:00;0.302;0.056;244.630;1.400;0.000;0.000;0.000
2/12/2008;16:35:00;0.302;0.058;244.170;1.400;0.000;0.000;0.000
2/12/2008;16:36:00;0.320;0.058;243.870;1.400;0.000;0.000;0.000
2/12/2008;16:37:00;0.742;0.074;243.160;3.000;0.000;0.000;0.000
2/12/2008;16:38:00;0.732;0.080;243.730;3.000;0.000;0.000;0.000
2/12/2008;16:39:00;0.718;0.080;243.500;3.000;0.000;0.000;0.000
2/12/2008;16:40:00;0.712;0.080;243.330;3.000;0.000;0.000;0.000
2/12/2008;16:41:00;0.718;0.080;243.690;3.000;0.000;0.000;0.000
2/12/2008;16:42:00;0.720;0.080;243.410;3.000;0.000;0.000;0.000
2/12/2008;16:43:00;0.718;0.080;243.260;3.000;0.000;0.000;0.000
2/12/2008;16:44:00;0.714;0.078;242.650;3.000;0.000;0.000;0.000
2/12/2008;16:45:00;0.718;0.080;243.490;3.000;0.000;0.000;0.000
2/12/2008;16:46:00;0.714;0.080;243.280;3.000;0.000;0.000;0.000
2/12/2008;16:47:00;0.784;0.250;244.180;3.400;0.000;0.000;0.000
2/12/2008;16:48:00;1.194;0.114;243.800;5.000;0.000;0.000;0.000
2/12/2008;16:49:00;1.548;0.084;244.070;6.400;0.000;0.000;0.000
2/12/2008;16:50:00;1.636;0.078;242.590;6.800;0.000;0.000;0.000
2/12/2008;16:51:00;1.542;0.080;243.200;6.400;0.000;0.000;0.000
2/12/2008;16:52:00;1.738;0.074;242.140;7.200;0.000;0.000;0.000
2/12/2008;16:53:00;1.862;0.074;242.540;7.600;0.000;0.000;0.000
2/12/2008;16:54:00;1.864;0.070;241.630;7.600;0.000;0.000;0.000
2/12/2008;16:55:00;1.848;0.072;242.370;7.600;0.000;0.000;0.000
2/12/2008;16:56:00;1.732;0.000;241.720;7.200;0.000;0.000;0.000
2/12/2008;16:57:00;1.456;0.056;242.130;6.000;0.000;0.000;0.000
2/12/2008;16:58:00;1.328;0.060;239.010;5.600;0.000;0.000;0.000
2/12/2008;16:59:00;1.330;0.060;239.230;5.600;0.000;0.000;0.000
2/12/2008;17:00:00;1.328;0.060;239.310;5.600;0.000;0.000;0.000
2/12/2008;17:01:00;1.334;0.058;240.210;5.600;0.000;0.000;0.000
2/12/2008;17:02:00;1.326;0.060;239.260;5.600;0.000;0.000;0.000
2/12/2008;17:03:00;1.336;0.058;240.340;5.600;0.000;0.000;0.000
2/12/2008;17:04:00;1.340;0.058;240.790;5.600;0.000;0.000;0.000
2/12/2008;17:05:00;1.336;0.058;240.550;5.600;0.000;0.000;0.000
2/12/2008;17:06:00;1.558;0.000;240.010;6.600;0.000;0.000;0.000
2/12/2008;17:07:00;1.602;0.226;240.620;6.600;0.000;0.000;0.000
2/12/2008;17:08:00;1.648;0.238;240.290;6.800;0.000;0.000;0.000
2/12/2008;17:09:00;1.728;0.226;240.460;7.200;0.000;0.000;0.000
2/12/2008;17:10:00;1.730;0.222;240.110;7.200;0.000;0.000;0.000
2/12/2008;17:11:00;1.636;0.226;240.870;6.800;0.000;0.000;0.000
2/12/2008;17:12:00;1.528;0.238;242.410;6.400;0.000;0.000;0.000
2/12/2008;17:13:00;1.536;0.242;243.310;6.400;0.000;0.000;0.000
2/12/2008;17:14:00;1.534;0.238;242.620;6.400;0.000;0.000;0.000
2/12/2008;17:15:00;1.544;0.242;243.210;6.400;0.000;0.000;0.000
2/12/2008;17:16:00;1.532;0.238;242.470;6.400;0.000;0.000;0.000
2/12/2008;17:17:00;1.532;0.244;243.380;6.400;0.000;0.000;0.000
2/12/2008;17:18:00;1.528;0.244;243.010;6.400;0.000;0.000;0.000
2/12/2008;17:19:00;1.500;0.182;244.500;6.200;0.000;0.000;0.000
2/12/2008;17:20:00;1.472;0.142;244.100;6.000;0.000;0.000;0.000
2/12/2008;17:21:00;1.470;0.140;243.720;6.000;0.000;0.000;0.000
2/12/2008;17:22:00;1.482;0.138;242.990;6.000;0.000;0.000;0.000
2/12/2008;17:23:00;1.580;0.140;243.770;6.400;0.000;0.000;0.000
2/12/2008;17:24:00;1.554;0.138;243.860;6.400;0.000;0.000;0.000
2/12/2008;17:25:00;1.500;0.140;243.820;6.200;0.000;0.000;0.000
2/12/2008;17:26:00;2.164;0.264;243.630;9.400;0.000;0.000;0.000
2/12/2008;17:27:00;1.740;0.164;243.990;7.400;0.000;0.000;0.000
2/12/2008;17:28:00;1.626;0.140;244.280;6.600;0.000;0.000;0.000
2/12/2008;17:29:00;1.770;0.136;243.720;7.200;0.000;0.000;0.000
2/12/2008;17:30:00;1.776;0.138;244.270;7.200;0.000;0.000;0.000
2/12/2008;17:31:00;1.814;0.178;244.200;7.400;0.000;0.000;0.000
2/12/2008;17:32:00;1.886;0.280;244.710;7.800;0.000;0.000;0.000
2/12/2008;17:33:00;1.876;0.278;244.140;7.800;0.000;0.000;0.000
2/12/2008;17:34:00;1.872;0.276;243.880;7.600;0.000;0.000;0.000
2/12/2008;17:35:00;2.126;0.298;243.480;8.800;0.000;0.000;0.000
2/12/2008;17:36:00;1.882;0.270;242.820;7.800;0.000;0.000;0.000
2/12/2008;17:37:00;1.924;0.264;242.190;8.000;0.000;0.000;0.000
2/12/2008;17:38:00;1.934;0.270;243.110;8.000;0.000;0.000;0.000
2/12/2008;17:39:00;1.920;0.266;242.340;8.000;0.000;0.000;0.000
2/12/2008;17:40:00;1.912;0.262;241.840;8.000;0.000;0.000;0.000
2/12/2008;17:41:00;1.920;0.266;242.540;8.000;0.000;0.000;0.000
2/12/2008;17:42:00;1.924;0.268;242.770;8.000;0.000;0.000;0.000
2/12/2008;17:43:00;1.934;0.266;242.810;8.000;0.000;0.000;0.000
2/12/2008;17:44:00;1.936;0.266;242.920;8.000;0.000;0.000;0.000
2/12/2008;17:45:00;1.926;0.268;242.730;8.000;0.000;0.000;0.000
2/12/2008;17:46:00;1.938;0.268;242.720;8.000;0.000;0.000;0.000
2/12/2008;17:47:00;1.940;0.266;242.800;8.000;0.000;0.000;0.000
2/12/2008;17:48:00;1.940;0.266;242.820;8.000;0.000;0.000;0.000
2/12/2008;17:49:00;1.938;0.268;243.080;8.000;0.000;0.000;0.000
2/12/2008;17:50:00;1.928;0.264;242.560;8.000;0.000;0.000;0.000
2/12/2008;17:51:00;1.838;0.130;242.990;7.600;0.000;0.000;0.000
2/12/2008;17:52:00;1.838;0.128;242.580;7.600;0.000;0.000;0.000
2/12/2008;17:53:00;1.830;0.130;242.850;7.400;0.000;0.000;0.000
2/12/2008;17:54:00;1.828;0.130;243.080;7.400;0.000;0.000;0.000
2/12/2008;17:55:00;1.888;0.188;243.330;7.800;0.000;0.000;0.000
2/12/2008;17:56:00;1.838;0.232;242.880;7.600;0.000;0.000;0.000
2/12/2008;17:57:00;1.590;0.234;243.390;6.600;0.000;0.000;0.000
2/12/2008;17:58:00;1.578;0.234;243.140;6.600;0.000;0.000;0.000
2/12/2008;17:59:00;1.514;0.230;242.300;6.200;0.000;0.000;0.000
2/12/2008;18:00:00;1.394;0.234;242.640;5.800;0.000;0.000;0.000
2/12/2008;18:01:00;1.220;0.232;242.320;5.000;0.000;0.000;0.000
2/12/2008;18:02:00;1.454;0.236;242.990;6.000;0.000;0.000;0.000
2/12/2008;18:03:00;1.496;0.236;243.000;6.200;0.000;0.000;0.000
2/12/2008;18:04:00;1.498;0.238;243.250;6.200;0.000;0.000;0.000
2/12/2008;18:05:00;1.500;0.238;243.480;6.200;0.000;0.000;0.000
2/12/2008;18:06:00;1.566;0.328;242.520;6.600;0.000;0.000;0.000
2/12/2008;18:07:00;1.568;0.356;242.180;6.600;0.000;1.000;0.000
2/12/2008;18:08:00;1.516;0.272;242.990;6.200;0.000;2.000;0.000
2/12/2008;18:09:00;1.498;0.250;242.400;6.200;0.000;1.000;0.000
2/12/2008;18:10:00;1.496;0.246;241.920;6.200;0.000;1.000;0.000
2/12/2008;18:11:00;1.496;0.248;242.010;6.200;0.000;2.000;0.000
2/12/2008;18:12:00;1.502;0.252;242.700;6.200;0.000;1.000;0.000
2/12/2008;18:13:00;1.506;0.252;243.060;6.200;0.000;2.000;0.000
2/12/2008;18:14:00;1.508;0.254;243.260;6.200;0.000;1.000;0.000
2/12/2008;18:15:00;1.506;0.254;243.060;6.200;0.000;2.000;0.000
2/12/2008;18:16:00;1.502;0.252;243.230;6.200;0.000;1.000;0.000
2/12/2008;18:17:00;1.504;0.254;243.600;6.200;0.000;1.000;0.000
2/12/2008;18:18:00;1.502;0.256;243.570;6.200;0.000;2.000;0.000
2/12/2008;18:19:00;1.500;0.254;243.300;6.200;0.000;1.000;0.000
2/12/2008;18:20:00;1.496;0.252;243.060;6.200;0.000;1.000;0.000
2/12/2008;18:21:00;1.494;0.252;242.940;6.200;0.000;2.000;0.000
2/12/2008;18:22:00;1.496;0.254;243.330;6.200;0.000;1.000;0.000
2/12/2008;18:23:00;1.496;0.252;243.010;6.200;0.000;1.000;0.000
2/12/2008;18:24:00;1.500;0.254;243.140;6.200;0.000;2.000;0.000
2/12/2008;18:25:00;1.676;0.300;242.090;7.000;0.000;1.000;0.000
2/12/2008;18:26:00;1.932;0.348;242.040;8.000;0.000;1.000;0.000
2/12/2008;18:27:00;1.872;0.374;241.140;7.800;0.000;2.000;0.000
2/12/2008;18:28:00;1.854;0.366;240.900;7.800;0.000;1.000;0.000
2/12/2008;18:29:00;1.814;0.296;240.830;7.600;0.000;0.000;0.000
2/12/2008;18:30:00;1.776;0.244;240.080;7.400;0.000;0.000;0.000
2/12/2008;18:31:00;1.770;0.240;239.670;7.400;0.000;0.000;0.000
2/12/2008;18:32:00;1.766;0.240;239.410;7.400;0.000;0.000;0.000
2/12/2008;18:33:00;1.768;0.240;239.540;7.400;0.000;0.000;0.000
2/12/2008;18:34:00;2.378;0.236;239.400;10.200;0.000;0.000;7.000
2/12/2008;18:35:00;2.844;0.228;238.450;11.800;0.000;0.000;19.000
2/12/2008;18:36:00;2.826;0.226;238.290;11.800;0.000;0.000;17.000
2/12/2008;18:37:00;2.816;0.226;238.380;11.800;0.000;0.000;18.000
2/12/2008;18:38:00;2.812;0.228;238.620;11.800;0.000;0.000;18.000
2/12/2008;18:39:00;2.808;0.228;238.650;11.800;0.000;0.000;17.000
2/12/2008;18:40:00;2.804;0.228;238.570;11.800;0.000;0.000;18.000
2/12/2008;18:41:00;2.812;0.232;239.110;11.800;0.000;0.000;18.000
2/12/2008;18:42:00;2.830;0.236;240.080;11.800;0.000;0.000;17.000
2/12/2008;18:43:00;2.856;0.236;240.020;11.800;0.000;0.000;18.000
2/12/2008;18:44:00;2.820;0.238;240.250;11.800;0.000;0.000;18.000
2/12/2008;18:45:00;2.588;0.236;240.480;10.800;0.000;0.000;18.000
2/12/2008;18:46:00;2.802;0.184;239.040;11.800;0.000;0.000;17.000
2/12/2008;18:47:00;2.798;0.198;238.170;11.800;0.000;0.000;17.000
2/12/2008;18:48:00;2.810;0.202;238.860;11.800;0.000;0.000;18.000
2/12/2008;18:49:00;2.676;0.062;239.230;11.200;0.000;0.000;18.000
2/12/2008;18:50:00;2.614;0.142;239.650;10.800;0.000;0.000;17.000
2/12/2008;18:51:00;2.658;0.106;241.220;11.000;0.000;0.000;18.000
2/12/2008;18:52:00;2.764;0.000;240.090;11.400;0.000;0.000;18.000
2/12/2008;18:53:00;2.462;0.000;239.850;10.200;0.000;0.000;17.000
2/12/2008;18:54:00;2.452;0.000;240.470;10.200;0.000;0.000;18.000
2/12/2008;18:55:00;2.458;0.000;240.990;10.200;0.000;0.000;18.000
2/12/2008;18:56:00;2.448;0.000;240.400;10.200;0.000;0.000;18.000
2/12/2008;18:57:00;2.440;0.000;239.860;10.200;0.000;0.000;17.000
2/12/2008;18:58:00;2.294;0.000;239.510;9.600;0.000;0.000;18.000
2/12/2008;18:59:00;2.120;0.000;240.770;8.800;0.000;0.000;18.000
2/12/2008;19:00:00;2.098;0.062;240.750;8.600;0.000;0.000;17.000
2/12/2008;19:01:00;2.100;0.062;240.850;8.600;0.000;0.000;18.000
2/12/2008;19:02:00;2.102;0.062;241.040;8.600;0.000;0.000;18.000
2/12/2008;19:03:00;2.100;0.064;240.820;8.600;0.000;0.000;18.000
2/12/2008;19:04:00;2.090;0.064;240.190;8.600;0.000;0.000;18.000
2/12/2008;19:05:00;2.140;0.068;239.530;9.000;0.000;0.000;17.000
2/12/2008;19:06:00;1.536;0.072;240.870;6.400;0.000;0.000;18.000
2/12/2008;19:07:00;1.462;0.070;241.570;6.000;0.000;0.000;18.000
2/12/2008;19:08:00;1.372;0.068;241.530;5.600;0.000;0.000;18.000
2/12/2008;19:09:00;1.360;0.070;240.250;5.600;0.000;0.000;17.000
2/12/2008;19:10:00;1.832;0.072;238.580;7.800;0.000;0.000;18.000
2/12/2008;19:11:00;1.728;0.078;239.460;7.400;0.000;0.000;17.000
2/12/2008;19:12:00;1.548;0.088;239.880;6.600;0.000;0.000;18.000
2/12/2008;19:13:00;1.550;0.090;239.340;6.600;0.000;0.000;18.000
2/12/2008;19:14:00;1.556;0.088;239.800;6.600;0.000;0.000;17.000
2/12/2008;19:15:00;1.560;0.086;240.270;6.600;0.000;0.000;18.000
2/12/2008;19:16:00;1.554;0.086;239.330;6.600;0.000;0.000;18.000
2/12/2008;19:17:00;1.550;0.088;238.800;6.600;0.000;0.000;17.000
2/12/2008;19:18:00;1.554;0.086;239.200;6.600;0.000;0.000;18.000
2/12/2008;19:19:00;1.552;0.086;239.330;6.600;0.000;0.000;17.000
2/12/2008;19:20:00;1.606;0.000;239.550;6.800;0.000;0.000;18.000
2/12/2008;19:21:00;1.672;0.046;240.570;7.000;0.000;0.000;18.000
2/12/2008;19:22:00;1.662;0.046;240.660;7.000;0.000;0.000;17.000
2/12/2008;19:23:00;1.648;0.000;239.380;7.000;0.000;0.000;18.000
2/12/2008;19:24:00;1.656;0.000;239.950;7.000;0.000;0.000;18.000
2/12/2008;19:25:00;1.666;0.046;240.850;7.000;0.000;0.000;17.000
2/12/2008;19:26:00;1.662;0.046;240.540;7.000;0.000;0.000;18.000
2/12/2008;19:27:00;0.954;0.054;241.050;4.600;0.000;0.000;8.000
2/12/2008;19:28:00;0.594;0.060;241.890;2.800;0.000;0.000;0.000
2/12/2008;19:29:00;0.592;0.060;242.040;2.800;0.000;0.000;0.000
2/12/2008;19:30:00;0.588;0.064;242.940;2.800;0.000;0.000;0.000
2/12/2008;19:31:00;0.596;0.062;242.990;2.800;0.000;0.000;0.000
2/12/2008;19:32:00;0.590;0.064;242.990;2.800;0.000;0.000;0.000
2/12/2008;19:33:00;0.598;0.062;242.850;2.800;0.000;0.000;0.000
2/12/2008;19:34:00;0.600;0.062;242.360;2.800;0.000;0.000;0.000
2/12/2008;19:35:00;0.596;0.066;243.080;2.800;0.000;0.000;0.000
2/12/2008;19:36:00;0.604;0.066;243.810;2.800;0.000;0.000;0.000
2/12/2008;19:37:00;0.656;0.122;243.860;3.000;0.000;0.000;0.000
2/12/2008;19:38:00;0.682;0.172;243.810;3.200;0.000;0.000;0.000
2/12/2008;19:39:00;0.646;0.118;243.820;3.000;0.000;0.000;0.000
2/12/2008;19:40:00;0.588;0.000;244.480;2.800;0.000;0.000;0.000
2/12/2008;19:41:00;0.584;0.000;244.680;2.600;0.000;0.000;0.000
2/12/2008;19:42:00;0.578;0.000;244.220;2.600;0.000;0.000;0.000
2/12/2008;19:43:00;0.570;0.000;244.520;2.600;0.000;0.000;0.000
2/12/2008;19:44:00;0.574;0.000;244.880;2.600;0.000;0.000;0.000
2/12/2008;19:45:00;0.566;0.000;245.690;2.600;0.000;0.000;0.000
2/12/2008;19:46:00;0.566;0.000;245.360;2.600;0.000;0.000;0.000
2/12/2008;19:47:00;0.566;0.000;244.960;2.600;0.000;0.000;0.000
2/12/2008;19:48:00;0.564;0.000;245.120;2.600;0.000;0.000;0.000
2/12/2008;19:49:00;0.556;0.000;244.280;2.600;0.000;0.000;0.000
2/12/2008;19:50:00;0.510;0.000;244.310;2.400;0.000;0.000;0.000
2/12/2008;19:51:00;0.504;0.070;244.810;2.400;0.000;0.000;0.000
2/12/2008;19:52:00;0.494;0.068;244.780;2.400;0.000;0.000;0.000
2/12/2008;19:53:00;0.488;0.072;243.710;2.400;0.000;0.000;0.000
2/12/2008;19:54:00;0.488;0.070;243.380;2.400;0.000;0.000;0.000
2/12/2008;19:55:00;0.488;0.068;243.610;2.400;0.000;0.000;0.000
2/12/2008;19:56:00;0.494;0.070;243.380;2.400;0.000;0.000;0.000
2/12/2008;19:57:00;0.488;0.072;242.920;2.400;0.000;0.000;0.000
2/12/2008;19:58:00;0.488;0.072;242.940;2.400;0.000;0.000;0.000
2/12/2008;19:59:00;0.498;0.072;243.580;2.400;0.000;0.000;0.000
2/12/2008;20:00:00;0.512;0.072;243.210;2.400;0.000;0.000;0.000
2/12/2008;20:01:00;0.504;0.070;243.470;2.400;0.000;0.000;0.000
2/12/2008;20:02:00;0.512;0.070;243.960;2.400;0.000;0.000;0.000
2/12/2008;20:03:00;0.498;0.072;243.350;2.400;0.000;0.000;0.000
2/12/2008;20:04:00;0.498;0.070;243.660;2.400;0.000;0.000;0.000
2/12/2008;20:05:00;0.496;0.070;243.460;2.400;0.000;0.000;0.000
2/12/2008;20:06:00;0.478;0.074;242.030;2.400;0.000;0.000;0.000
2/12/2008;20:07:00;0.478;0.074;241.850;2.400;0.000;0.000;0.000
2/12/2008;20:08:00;0.478;0.074;242.090;2.400;0.000;0.000;0.000
2/12/2008;20:09:00;0.480;0.074;242.150;2.400;0.000;0.000;0.000
2/12/2008;20:10:00;0.998;0.074;241.790;4.600;0.000;0.000;0.000
2/12/2008;20:11:00;1.572;0.072;241.800;6.600;0.000;0.000;0.000
2/12/2008;20:12:00;3.158;0.304;240.100;13.800;0.000;0.000;0.000
2/12/2008;20:13:00;5.474;0.406;238.030;23.800;0.000;0.000;0.000
2/12/2008;20:14:00;6.366;0.420;236.740;27.000;0.000;0.000;0.000
2/12/2008;20:15:00;6.362;0.426;236.910;27.000;0.000;0.000;0.000
2/12/2008;20:16:00;4.736;0.346;238.160;21.600;0.000;0.000;0.000
2/12/2008;20:17:00;3.442;0.446;238.910;14.800;0.000;0.000;0.000
2/12/2008;20:18:00;3.182;0.380;239.510;13.800;0.000;0.000;0.000
2/12/2008;20:19:00;2.150;0.218;240.810;9.000;0.000;0.000;0.000
2/12/2008;20:20:00;2.150;0.216;241.080;9.000;0.000;0.000;0.000
2/12/2008;20:21:00;2.152;0.216;241.340;9.000;0.000;0.000;0.000
2/12/2008;20:22:00;2.832;0.354;239.820;12.400;0.000;0.000;0.000
2/12/2008;20:23:00;1.912;0.228;241.330;8.000;0.000;0.000;0.000
2/12/2008;20:24:00;1.828;0.232;242.270;7.600;0.000;0.000;0.000
2/12/2008;20:25:00;1.898;0.306;242.560;8.000;0.000;0.000;0.000
2/12/2008;20:26:00;2.722;0.542;242.650;12.000;0.000;0.000;0.000
2/12/2008;20:27:00;2.388;0.432;242.950;10.400;0.000;0.000;0.000
2/12/2008;20:28:00;1.708;0.208;243.660;7.200;0.000;0.000;0.000
2/12/2008;20:29:00;1.678;0.190;244.500;7.000;0.000;0.000;0.000
2/12/2008;20:30:00;1.680;0.190;244.780;7.000;0.000;0.000;0.000
2/12/2008;20:31:00;1.692;0.196;244.310;7.000;0.000;0.000;0.000
2/12/2008;20:32:00;1.752;0.314;244.170;7.400;0.000;1.000;0.000
2/12/2008;20:33:00;1.748;0.310;243.530;7.400;0.000;1.000;0.000
2/12/2008;20:34:00;1.736;0.306;242.520;7.200;0.000;1.000;0.000
2/12/2008;20:35:00;1.736;0.308;242.640;7.200;0.000;2.000;0.000
2/12/2008;20:36:00;1.714;0.258;243.750;7.200;0.000;1.000;0.000
2/12/2008;20:37:00;1.662;0.178;244.500;6.800;0.000;2.000;0.000
2/12/2008;20:38:00;1.654;0.174;243.720;6.800;0.000;1.000;0.000
2/12/2008;20:39:00;1.654;0.172;243.620;6.800;0.000;1.000;0.000
2/12/2008;20:40:00;1.654;0.172;243.680;6.800;0.000;2.000;0.000
2/12/2008;20:41:00;1.664;0.170;243.780;7.000;0.000;1.000;0.000
2/12/2008;20:42:00;1.676;0.160;243.730;7.000;0.000;2.000;0.000
2/12/2008;20:43:00;1.594;0.068;244.820;6.600;0.000;1.000;0.000
2/12/2008;20:44:00;1.604;0.072;245.840;6.600;0.000;1.000;0.000
2/12/2008;20:45:00;1.606;0.072;245.630;6.600;0.000;2.000;0.000
2/12/2008;20:46:00;1.600;0.072;245.850;6.600;0.000;1.000;0.000
2/12/2008;20:47:00;1.598;0.070;245.300;6.600;0.000;2.000;0.000
2/12/2008;20:48:00;1.726;0.064;244.560;7.200;0.000;1.000;0.000
2/12/2008;20:49:00;2.868;0.048;241.730;12.000;0.000;1.000;10.000
2/12/2008;20:50:00;3.212;0.000;240.600;13.400;0.000;1.000;19.000
2/12/2008;20:51:00;3.580;0.000;240.640;15.000;0.000;2.000;18.000
2/12/2008;20:52:00;3.800;0.056;241.950;16.000;0.000;1.000;18.000
2/12/2008;20:53:00;3.110;0.000;242.240;12.800;0.000;1.000;18.000
2/12/2008;20:54:00;3.062;0.000;239.770;12.800;0.000;1.000;18.000
2/12/2008;20:55:00;2.956;0.056;239.150;12.400;0.000;1.000;18.000
2/12/2008;20:56:00;2.960;0.078;239.150;12.400;0.000;0.000;17.000
2/12/2008;20:57:00;2.966;0.078;239.400;12.400;0.000;0.000;18.000
2/12/2008;20:58:00;2.956;0.078;239.240;12.400;0.000;0.000;17.000
2/12/2008;20:59:00;2.972;0.078;239.680;12.400;0.000;0.000;18.000
2/12/2008;21:00:00;3.056;0.080;239.170;12.800;0.000;0.000;18.000
2/12/2008;21:01:00;3.656;0.054;237.560;15.600;0.000;0.000;17.000
2/12/2008;21:02:00;3.790;0.054;238.220;16.200;0.000;0.000;17.000
2/12/2008;21:03:00;2.944;0.076;239.960;12.200;0.000;0.000;18.000
2/12/2008;21:04:00;2.958;0.076;240.760;12.200;0.000;0.000;18.000
2/12/2008;21:05:00;2.982;0.074;241.420;12.400;0.000;0.000;18.000
2/12/2008;21:06:00;2.962;0.074;240.880;12.200;0.000;0.000;18.000
2/12/2008;21:07:00;2.956;0.074;241.000;12.200;0.000;0.000;17.000
2/12/2008;21:08:00;2.950;0.074;240.770;12.200;0.000;0.000;18.000
2/12/2008;21:09:00;2.942;0.076;240.320;12.200;0.000;0.000;18.000
2/12/2008;21:10:00;3.136;0.000;241.750;13.000;0.000;0.000;18.000
2/12/2008;21:11:00;3.094;0.062;242.290;12.800;0.000;0.000;18.000
2/12/2008;21:12:00;2.910;0.106;241.470;12.200;0.000;0.000;18.000
2/12/2008;21:13:00;3.438;0.194;241.050;14.200;0.000;0.000;17.000
2/12/2008;21:14:00;3.232;0.204;242.260;13.400;0.000;0.000;18.000
2/12/2008;21:15:00;3.136;0.206;242.550;13.000;0.000;0.000;19.000
2/12/2008;21:16:00;3.196;0.208;242.630;13.200;0.000;0.000;18.000
2/12/2008;21:17:00;3.182;0.210;243.240;13.200;0.000;0.000;18.000
2/12/2008;21:18:00;2.916;0.202;243.800;12.000;0.000;0.000;18.000
2/12/2008;21:19:00;2.646;0.194;243.880;10.800;0.000;0.000;18.000
2/12/2008;21:20:00;2.650;0.194;244.130;10.800;0.000;0.000;18.000
2/12/2008;21:21:00;2.632;0.188;242.890;10.800;0.000;0.000;19.000
2/12/2008;21:22:00;2.632;0.184;242.980;10.800;0.000;0.000;18.000
2/12/2008;21:23:00;2.628;0.180;242.340;10.800;0.000;0.000;18.000
2/12/2008;21:24:00;2.616;0.176;241.130;10.800;0.000;0.000;17.000
2/12/2008;21:25:00;2.612;0.174;240.900;10.800;0.000;0.000;18.000
2/12/2008;21:26:00;2.618;0.174;240.590;11.000;0.000;0.000;18.000
2/12/2008;21:27:00;2.612;0.174;240.460;11.000;0.000;0.000;18.000
2/12/2008;21:28:00;2.564;0.134;239.600;10.800;0.000;0.000;17.000
2/12/2008;21:29:00;2.530;0.066;239.460;10.600;0.000;0.000;18.000
2/12/2008;21:30:00;2.468;0.056;241.000;10.200;0.000;0.000;18.000
2/12/2008;21:31:00;2.468;0.062;241.070;10.200;0.000;0.000;18.000
2/12/2008;21:32:00;2.448;0.058;241.100;10.200;0.000;0.000;17.000
2/12/2008;21:33:00;2.476;0.056;242.740;10.200;0.000;0.000;18.000
2/12/2008;21:34:00;2.466;0.058;242.380;10.200;0.000;0.000;18.000
2/12/2008;21:35:00;2.474;0.058;242.180;10.200;0.000;0.000;18.000
2/12/2008;21:36:00;2.464;0.060;241.500;10.200;0.000;0.000;18.000
2/12/2008;21:37:00;2.472;0.058;241.960;10.200;0.000;0.000;18.000
2/12/2008;21:38:00;2.470;0.058;241.960;10.200;0.000;0.000;18.000
2/12/2008;21:39:00;2.364;0.056;241.780;9.800;0.000;0.000;18.000
2/12/2008;21:40:00;1.394;0.046;242.730;5.800;0.000;0.000;0.000
2/12/2008;21:41:00;1.394;0.046;242.930;5.800;0.000;0.000;0.000
2/12/2008;21:42:00;1.392;0.046;242.870;5.800;0.000;0.000;0.000
2/12/2008;21:43:00;1.390;0.048;243.020;5.800;0.000;0.000;0.000
2/12/2008;21:44:00;1.388;0.046;242.990;5.800;0.000;0.000;0.000
2/12/2008;21:45:00;1.398;0.000;243.270;5.800;0.000;0.000;0.000
2/12/2008;21:46:00;1.406;0.046;243.320;6.000;0.000;0.000;0.000
2/12/2008;21:47:00;1.400;0.000;243.440;5.800;0.000;0.000;0.000
2/12/2008;21:48:00;1.402;0.046;243.730;5.800;0.000;0.000;0.000
2/12/2008;21:49:00;1.410;0.046;243.750;6.000;0.000;0.000;0.000
2/12/2008;21:50:00;1.398;0.046;243.320;5.800;0.000;0.000;0.000
2/12/2008;21:51:00;1.400;0.046;243.690;5.800;0.000;0.000;0.000
2/12/2008;21:52:00;1.294;0.000;243.460;5.400;0.000;0.000;0.000
2/12/2008;21:53:00;1.284;0.046;242.590;5.400;0.000;0.000;0.000
2/12/2008;21:54:00;1.286;0.046;242.200;5.400;0.000;0.000;0.000
2/12/2008;21:55:00;1.284;0.000;242.650;5.400;0.000;0.000;0.000
2/12/2008;21:56:00;1.284;0.000;242.410;5.400;0.000;0.000;0.000
2/12/2008;21:57:00;1.284;0.000;243.210;5.400;0.000;0.000;0.000
2/12/2008;21:58:00;1.286;0.046;242.890;5.400;0.000;0.000;0.000
2/12/2008;21:59:00;1.372;0.046;242.790;5.800;0.000;0.000;0.000
2/12/2008;22:00:00;1.390;0.048;242.770;5.800;0.000;0.000;0.000
2/12/2008;22:01:00;1.394;0.048;243.060;5.800;0.000;0.000;0.000
2/12/2008;22:02:00;1.398;0.048;243.940;5.800;0.000;0.000;0.000
2/12/2008;22:03:00;1.430;0.000;243.970;6.000;0.000;0.000;0.000
2/12/2008;22:04:00;1.462;0.058;244.010;6.000;0.000;0.000;0.000
2/12/2008;22:05:00;1.520;0.182;243.820;6.400;0.000;0.000;0.000
2/12/2008;22:06:00;1.518;0.194;243.810;6.400;0.000;0.000;0.000
2/12/2008;22:07:00;1.504;0.206;244.430;6.400;0.000;0.000;0.000
2/12/2008;22:08:00;1.508;0.208;244.520;6.400;0.000;0.000;0.000
2/12/2008;22:09:00;1.906;0.204;243.770;8.200;0.000;0.000;0.000
2/12/2008;22:10:00;1.502;0.206;244.070;6.400;0.000;0.000;0.000
2/12/2008;22:11:00;1.558;0.206;244.030;6.600;0.000;0.000;0.000
2/12/2008;22:12:00;1.610;0.202;243.740;6.800;0.000;0.000;0.000
2/12/2008;22:13:00;1.564;0.202;243.950;6.600;0.000;0.000;0.000
2/12/2008;22:14:00;1.480;0.200;243.700;6.200;0.000;0.000;0.000
2/12/2008;22:15:00;1.480;0.200;243.870;6.200;0.000;0.000;0.000
2/12/2008;22:16:00;1.316;0.206;244.500;5.600;0.000;0.000;0.000
2/12/2008;22:17:00;1.278;0.212;245.850;5.400;0.000;0.000;0.000
2/12/2008;22:18:00;1.250;0.164;246.710;5.200;0.000;0.000;0.000
2/12/2008;22:19:00;1.210;0.104;246.310;5.000;0.000;0.000;0.000
2/12/2008;22:20:00;1.206;0.106;246.440;5.000;0.000;0.000;0.000
2/12/2008;22:21:00;1.180;0.138;247.000;5.000;0.000;0.000;0.000
2/12/2008;22:22:00;1.182;0.142;247.420;5.000;0.000;0.000;0.000
2/12/2008;22:23:00;1.180;0.140;247.110;5.000;0.000;0.000;0.000
2/12/2008;22:24:00;1.126;0.068;246.090;4.800;0.000;0.000;0.000
2/12/2008;22:25:00;1.070;0.000;245.550;4.600;0.000;0.000;0.000
2/12/2008;22:26:00;0.728;0.000;245.340;3.200;0.000;0.000;0.000
2/12/2008;22:27:00;0.908;0.000;243.340;3.800;0.000;0.000;0.000
2/12/2008;22:28:00;0.912;0.000;242.980;3.800;0.000;0.000;0.000
2/12/2008;22:29:00;0.912;0.000;243.190;3.800;0.000;0.000;0.000
2/12/2008;22:30:00;0.914;0.000;243.870;3.800;0.000;0.000;0.000
2/12/2008;22:31:00;0.912;0.000;243.480;3.800;0.000;0.000;0.000
2/12/2008;22:32:00;0.912;0.000;242.890;3.800;0.000;0.000;0.000
2/12/2008;22:33:00;0.918;0.000;243.400;3.800;0.000;0.000;0.000
2/12/2008;22:34:00;0.840;0.000;243.890;3.400;0.000;0.000;0.000
2/12/2008;22:35:00;0.822;0.000;244.120;3.400;0.000;0.000;0.000
2/12/2008;22:36:00;0.824;0.000;243.760;3.400;0.000;0.000;0.000
2/12/2008;22:37:00;0.824;0.000;243.440;3.400;0.000;0.000;0.000
2/12/2008;22:38:00;0.822;0.000;243.700;3.400;0.000;0.000;0.000
2/12/2008;22:39:00;0.826;0.000;243.800;3.400;0.000;0.000;0.000
2/12/2008;22:40:00;0.824;0.000;243.740;3.400;0.000;0.000;0.000
2/12/2008;22:41:00;0.826;0.000;244.550;3.400;0.000;0.000;0.000
2/12/2008;22:42:00;0.812;0.000;244.030;3.400;0.000;0.000;0.000
2/12/2008;22:43:00;0.780;0.000;243.510;3.200;0.000;0.000;0.000
2/12/2008;22:44:00;0.784;0.000;244.060;3.200;0.000;0.000;0.000
2/12/2008;22:45:00;0.780;0.000;244.330;3.200;0.000;0.000;0.000
2/12/2008;22:46:00;0.778;0.000;243.950;3.200;0.000;0.000;0.000
2/12/2008;22:47:00;0.776;0.000;243.200;3.200;0.000;0.000;0.000
2/12/2008;22:48:00;0.780;0.000;243.440;3.200;0.000;0.000;0.000
2/12/2008;22:49:00;0.784;0.000;244.220;3.200;0.000;0.000;0.000
2/12/2008;22:50:00;0.786;0.000;244.980;3.200;0.000;0.000;0.000
2/12/2008;22:51:00;0.778;0.000;245.520;3.200;0.000;0.000;0.000
2/12/2008;22:52:00;0.782;0.000;245.850;3.200;0.000;0.000;0.000
2/12/2008;22:53:00;0.782;0.000;245.690;3.200;0.000;0.000;0.000
2/12/2008;22:54:00;0.780;0.000;245.440;3.200;0.000;0.000;0.000
2/12/2008;22:55:00;0.870;0.068;245.260;3.600;0.000;0.000;0.000
2/12/2008;22:56:00;0.854;0.070;244.810;3.600;0.000;0.000;0.000
2/12/2008;22:57:00;0.848;0.068;244.160;3.600;0.000;0.000;0.000
2/12/2008;22:58:00;1.032;0.286;244.290;4.600;0.000;0.000;0.000
2/12/2008;22:59:00;1.030;0.338;244.710;4.400;0.000;1.000;0.000
2/12/2008;23:00:00;1.020;0.336;244.470;4.400;0.000;1.000;0.000
2/12/2008;23:01:00;0.980;0.340;244.850;4.400;0.000;2.000;0.000
2/12/2008;23:02:00;0.740;0.346;245.410;3.400;0.000;1.000;0.000
2/12/2008;23:03:00;0.740;0.350;245.840;3.400;0.000;2.000;0.000
2/12/2008;23:04:00;0.736;0.350;245.820;3.400;0.000;1.000;0.000
2/12/2008;23:05:00;0.686;0.338;245.580;3.200;0.000;2.000;0.000
2/12/2008;23:06:00;0.618;0.326;246.030;2.800;0.000;1.000;0.000
2/12/2008;23:07:00;0.614;0.328;246.480;2.800;0.000;1.000;0.000
2/12/2008;23:08:00;0.618;0.330;246.890;2.800;0.000;2.000;0.000
2/12/2008;23:09:00;0.556;0.230;247.280;2.400;0.000;1.000;0.000
2/12/2008;23:10:00;0.554;0.220;247.230;2.400;0.000;2.000;0.000
2/12/2008;23:11:00;0.548;0.222;247.620;2.400;0.000;1.000;0.000
2/12/2008;23:12:00;0.540;0.222;247.430;2.400;0.000;1.000;0.000
2/12/2008;23:13:00;0.540;0.222;247.140;2.400;0.000;2.000;0.000
2/12/2008;23:14:00;0.576;0.262;247.820;2.600;0.000;1.000;0.000
2/12/2008;23:15:00;0.542;0.230;247.610;2.400;0.000;1.000;0.000
2/12/2008;23:16:00;0.532;0.220;247.130;2.400;0.000;2.000;0.000
2/12/2008;23:17:00;0.474;0.134;246.290;2.000;0.000;1.000;0.000
2/12/2008;23:18:00;0.432;0.072;246.050;1.800;0.000;1.000;0.000
2/12/2008;23:19:00;0.432;0.072;246.090;1.800;0.000;2.000;0.000
2/12/2008;23:20:00;0.436;0.074;246.700;1.800;0.000;1.000;0.000
2/12/2008;23:21:00;0.404;0.000;246.690;1.800;0.000;1.000;0.000
2/12/2008;23:22:00;0.354;0.048;247.190;1.600;0.000;0.000;0.000
2/12/2008;23:23:00;0.356;0.048;247.930;1.600;0.000;0.000;0.000
2/12/2008;23:24:00;0.354;0.048;247.730;1.600;0.000;0.000;0.000
2/12/2008;23:25:00;0.352;0.048;247.750;1.600;0.000;0.000;0.000
2/12/2008;23:26:00;0.352;0.048;247.800;1.600;0.000;0.000;0.000
2/12/2008;23:27:00;0.350;0.048;247.380;1.600;0.000;0.000;0.000
2/12/2008;23:28:00;0.338;0.046;247.790;1.400;0.000;0.000;0.000
2/12/2008;23:29:00;0.334;0.046;248.010;1.400;0.000;0.000;0.000
2/12/2008;23:30:00;0.334;0.046;247.980;1.400;0.000;0.000;0.000
2/12/2008;23:31:00;0.344;0.048;247.400;1.400;0.000;0.000;0.000
2/12/2008;23:32:00;0.348;0.050;246.890;1.600;0.000;0.000;0.000
2/12/2008;23:33:00;0.346;0.048;247.020;1.600;0.000;0.000;0.000
2/12/2008;23:34:00;0.348;0.050;247.080;1.600;0.000;0.000;0.000
2/12/2008;23:35:00;0.346;0.050;246.910;1.600;0.000;0.000;0.000
2/12/2008;23:36:00;0.346;0.048;247.650;1.600;0.000;0.000;0.000
2/12/2008;23:37:00;0.348;0.046;248.350;1.400;0.000;0.000;0.000
2/12/2008;23:38:00;0.348;0.048;248.460;1.400;0.000;0.000;0.000
2/12/2008;23:39:00;0.348;0.046;248.640;1.400;0.000;0.000;0.000
2/12/2008;23:40:00;0.348;0.046;248.880;1.400;0.000;0.000;0.000
2/12/2008;23:41:00;0.348;0.046;248.680;1.400;0.000;0.000;0.000
2/12/2008;23:42:00;0.350;0.046;248.710;1.600;0.000;0.000;0.000
2/12/2008;23:43:00;0.350;0.046;248.820;1.600;0.000;0.000;0.000
2/12/2008;23:44:00;0.350;0.046;248.810;1.600;0.000;0.000;0.000
2/12/2008;23:45:00;0.350;0.046;248.700;1.600;0.000;0.000;0.000
2/12/2008;23:46:00;0.414;0.000;246.820;1.800;0.000;0.000;0.000
2/12/2008;23:47:00;0.414;0.052;245.330;1.800;0.000;0.000;0.000
2/12/2008;23:48:00;0.416;0.052;245.210;1.800;0.000;0.000;0.000
2/12/2008;23:49:00;0.416;0.052;245.190;1.800;0.000;0.000;0.000
2/12/2008;23:50:00;0.400;0.052;245.330;1.600;0.000;0.000;0.000
2/12/2008;23:51:00;0.350;0.054;245.390;1.400;0.000;0.000;0.000
2/12/2008;23:52:00;0.448;0.166;245.070;2.000;0.000;0.000;0.000
2/12/2008;23:53:00;0.456;0.194;245.320;2.000;0.000;0.000;0.000
2/12/2008;23:54:00;0.452;0.194;244.880;2.000;0.000;0.000;0.000
2/12/2008;23:55:00;0.452;0.198;245.700;2.000;0.000;0.000;0.000
2/12/2008;23:56:00;0.450;0.200;245.930;2.000;0.000;0.000;0.000
2/12/2008;23:57:00;0.448;0.198;245.640;2.000;0.000;0.000;0.000
2/12/2008;23:58:00;0.438;0.182;245.360;2.000;0.000;0.000;0.000
2/12/2008;23:59:00;0.378;0.088;245.340;1.600;0.000;0.000;0.000
